名  称,类别,最大占比,相似或相克,水分-克,能量-千卡,蛋白质-克,脂肪-克,碳水化合物-克,膳食纤维-克,胆固醇-毫克,维生素A-微克,维生素B1-毫克,维生素B2-毫克,烟酸-毫克,维生素C-毫克,维生素E-毫克,钙-毫克,磷-毫克,钾-毫克,钠-毫克,镁-毫克,铁-毫克,锌-毫克,硒-微克,铜-毫克,锰-毫克
白砂糖,调料,1,,0,400,0,0,99.9,0,0,0,0,0,0,0,0,20,8,5,0.4,3,0.6,0.06,0,0.04,0.09
白糖（绵白糖）,调料,1,,0.9,396,0.1,0,98.9,0,0,0,0,0,0.2,0,0,6,3,2,2,2,0.2,0.07,0.38,0.02,0.08
菜籽油,调料,1,,0.1,899,0,99.9,0,0,0,0,0,0,0,0,60.89,9,9,2,7,3,3.7,0.54,0,0.18,0.11
葱头（洋葱）,调料,1,,89.2,40,1.1,0.2,9,0.9,0,2,0.03,0.03,0.3,8,0.14,24,39,147,4.4,15,0.6,0.23,0.92,0.05,0.14
大葱,调料,1,,91.8,28,1.6,0.3,5.8,1.3,0,5,0.06,0.03,0.5,3,0,63,25,110,8.9,16,0.6,0.29,0.21,0.03,0.34
大麻油,调料,1,,0.3,897,0,99.9,0,0,0,0,0,0,0,0,8.55,15,6,3,1.5,4,3.1,0.43,0,0.1,0.02
大蒜（白皮，鲜）,调料,1,,66.6,128,4.5,0.2,27.6,1.1,0,3,0.04,0.06,0.6,7,1.07,39,117,302,19.6,21,1.2,0.88,3.09,0.22,0.29
大蒜、生的,调料,1,,58.58,149,6.36,0.5,33.06,2.1,,,0.2,0.11,0.7,31.2,,181,153,401,17,25,1.7,1.16,14.2,0.3,1.67
豆油,调料,1,,0.1,899,0,99.9,0,0,0,0,0,0,0,0,93.08,13,7,3,4.9,3,2,1.09,0,0.16,0.43
胡椒粉,调料,1,,10.5,357,9.6,2.2,74.6,2.3,0,10,0,0,1.8,0,0,2,172,154,4.9,128,91,1.23,7.64,0.32,0.79
胡麻油,调料,1,,0,900,0,100,0,0,0,0,0,0,0,0,389.9,3,5,0,0.6,1,0.2,0.3,0,0.02,0.03
花生油,调料,1,,0.1,899,0,99.9,0,0,0,0,0,0,0,0,42.06,12,15,1,3.5,2,2.9,0.48,0,0.15,0.33
混合油（菜+棕）,调料,1,,0,895,0,99.9,1,0,0,0,0,0.09,0.1,0,12.05,75,,,10.5,,4.1,,,,
姜,调料,1,,87,46.4,1.3,0.6,10.3,2.7,0,14,0.02,0.03,0.8,4,0,27,25,295,14.9,44,1.4,0.34,0.56,0.14,3.2
姜（干）,调料,1,,14.9,308.4,9.1,5.7,64,17.7,0,0,0,0.1,0,0,0,62,22,41,9.9,0,85,2.3,3.1,0.96,10.65
姜（子姜，嫩姜）,调料,1,,94.5,20.8,0.7,0.6,3.7,0.9,0,0,0,0.01,0.3,2,0,9,11,160,1.9,24,0.8,0.17,0.1,0.03,3.38
酱油,调料,1,,67.3,63.4,5.6,0.1,10.1,0.2,0,0,0.05,0.13,1.7,0,0,66,204,337,5757,156,8.6,1.17,1.39,0.06,1.11
葵花籽油,调料,1,,0.1,899,0,99.9,0,0,0,0,0,0,0,0,54.6,2,4,1,2.8,4,1,0.11,0,0,0.02
辣椒（红，尖，干）,调料,1,,14.6,295.4,15,12,52.7,41.7,0,0,0.53,0.16,1.2,0,8.76,12,298,1085,4,131,6,8.21,0,0.61,11.7
辣椒（红，小）,调料,1,,88.8,38.4,1.3,0.4,8.9,3.2,0,116,0.03,0.06,0.8,144,0.44,37,95,222,2.6,16,1.4,0.3,1.9,0.11,0.18
辣椒（尖，青）,调料,1,,93.4,22,0.8,0.3,5.2,2.1,0,98,0.02,0.02,0.62,59,0.38,11,20,154,7,15,0.3,0.21,0.02,0.05,0.05
味精,调料,1,,0.2,268,40.1,0.2,26.5,0,0,0,0.08,0,0.3,0,0,100,4,4,8160,7,1.2,0.31,0.98,0.12,0.67
小葱,调料,1,,92.7,26.8,1.6,0.4,4.9,1.4,0,70,0.05,0.06,0.4,21,0.49,72,26,143,10.4,18,1.3,0.35,1.06,0.06,0.16
盐,调料,1,,0.1,0,0,0,0,0,0,0,0,0,0,0,0,22,,,25127.2,,1,,,,
芝麻油（香油）,调料,1,,0.1,898,0,99.7,0.2,0,0,0,0,0,0,0,68.53,9,4,0,1.1,3,2.2,0.17,0,0.05,0.76
扁豆（干）,豆制品,1,扁豆（干）_扁豆（干，白）,9.9,339,25.3,0.4,61.9,6.5,0,3,0.26,0.45,2.6,0,1.86,137,218,439,2.3,92,19.2,1.9,32,1.27,1.19
扁豆（干，白）,豆制品,1,扁豆（干）_扁豆（干，白）,19.4,283,19,1.3,55.6,13.4,0,0,0.33,0.11,1.2,0,0.89,68,340,1070,1,163,4,1.93,1.17,0.52,1.31
刀豆,豆制品,1,,89,40,3.1,0.3,7,1.8,0,18,0.05,0.07,1,15,0.4,49,57,209,8.5,29,4.6,0.84,0.88,0.09,0.45
豆腐（北豆腐）,豆制品,1,豆腐（北豆腐）_豆腐（代表值）_豆腐（南豆腐）_豆腐（内酯）,78.6,116,9.2,8.1,3,0,0,0,0.05,0.02,0.11,0,8.4,105,112,106,7.3,63,1.5,0.74,2.46,0.06,0.07
豆腐（代表值）,豆制品,1,豆腐（北豆腐）_豆腐（代表值）_豆腐（南豆腐）_豆腐（内酯）,83.8,84,6.6,5.3,3.4,0.4,0,0,0.06,0.02,0.21,0.2,5.79,78,82,118,5.6,41,1.2,0.57,1.5,0.08,0.12
豆腐（南豆腐）,豆制品,1,豆腐（北豆腐）_豆腐（代表值）_豆腐（南豆腐）_豆腐（内酯）,83.6,87,5.7,5.8,3.9,0,0,0,0.06,0.02,0,0,5.72,113,76,154,3.1,36,1.2,0.43,1.23,0.04,0.03
豆腐（内酯）,豆制品,1,豆腐（北豆腐）_豆腐（代表值）_豆腐（南豆腐）_豆腐（内酯）,89.2,50,5,1.9,3.3,0.4,0,0,0.06,0.03,0.3,0,3.26,17,57,95,6.4,24,0.8,0.55,0.81,0.13,0.26
豆腐干（菜干）,豆制品,1,豆腐干（菜干）_豆腐干（卤干）_豆腐干（香干）_豆腐干（小香干）,71.3,137,13.4,7.1,5,0.3,0,0,0.01,0.01,0.3,0,0.62,179,79,70,633.6,81,3,1.39,0.5,0.15,0.81
豆腐干（卤干）,豆制品,1,豆腐干（菜干）_豆腐干（卤干）_豆腐干（香干）_豆腐干（小香干）,32.4,339,14.5,16.7,33.4,1.6,0,0,0.03,0.14,0.2,0,0,731,162,134,40.9,43,3.9,3.61,0,0.57,0.84
豆腐干（香干）,豆制品,1,豆腐干（菜干）_豆腐干（卤干）_豆腐干（香干）_豆腐干（小香干）,69.2,152,15.8,7.8,5.1,0.8,0,3,0.04,0.03,0.3,0,15.85,299,219,99,234.1,88,5.7,1.59,3.15,0.41,1.19
豆腐干（小香干）,豆制品,1,豆腐干（菜干）_豆腐干（卤干）_豆腐干（香干）_豆腐干（小香干）,61,174,17.9,9.1,5.4,0.4,0,0,0.03,0.07,0,0,7.39,1019,177,141,372.3,87,23.3,2.55,23.6,0.38,1.61
豆腐丝,豆制品,1,豆腐丝_豆腐丝（干）_豆腐丝（油）,58.4,203,21.5,10.5,6.2,1.1,0,3,0.04,0.12,0.5,0,9.76,204,220,74,20.6,127,9.1,2.04,1.39,0.29,1.71
豆腐丝（干）,豆制品,1,豆腐丝_豆腐丝（干）_豆腐丝（油）,7.4,451,57.7,22.8,3.7,0,0,0,0.3,0.6,0,0,7.8,5,74,7,110,0,1.3,3.59,2.72,0.26,2.4
豆腐丝（油）,豆制品,1,豆腐丝_豆腐丝（干）_豆腐丝（油）,38.2,304,24.2,17.1,14.5,2.2,0,2,0.02,0.09,1.8,0,17.8,152,423,208,769.4,93,5,2.98,6.1,0.27,1.37
发芽豆,豆制品,1,,66.1,131,12.4,0.7,19.4,1.3,0,0,0.3,0.17,2.3,4,2.8,41,134,179,3.9,1,5,0.72,0.73,0.32,0.37
荷兰豆,豆制品,1,,91.9,30,2.5,0.3,4.9,1.4,0,40,0.09,0.04,0.7,16,0.3,51,19,116,8.8,16,0.9,0.5,0.42,0.06,0.48
花豆（红）,豆制品,1,花豆（红）_花豆（紫）,14.8,328,19.1,1.3,62.7,5.5,0,36,0.25,0,3,0,6.13,38,48,358,12.5,17,0.3,1.27,19.05,0.94,1.22
花豆（紫）,豆制品,1,花豆（红）_花豆（紫）,13.2,330,17.2,1.4,65.8,7.4,0,23,0.14,0,2.7,0,9.64,221,169,641,19.6,120,5.9,3.4,74.06,0.92,1.08
豇豆（干）,豆制品,0.2,豇豆（干）_豇豆（鲜，长）_豇豆（紫）_豇豆、叶尖、生的,10.9,336,19.3,1.2,65.6,7.1,0,0,0.16,0.08,1.9,0,8.61,40,344,737,6.8,36,7.1,3.04,5.74,2.1,1.07
豇豆（鲜，长）,豆制品,1,豇豆（干）_豇豆（鲜，长）_豇豆（紫）_豇豆、叶尖、生的,90.8,32,2.7,0.2,5.8,1.8,0,10,0.07,0.07,0.8,18,0.65,42,50,145,4.6,43,1,0.94,1.4,0.11,0.39
豇豆（紫）,豆制品,1,豇豆（干）_豇豆（鲜，长）_豇豆（紫）_豇豆、叶尖、生的,11.2,329,18.9,0.4,65.8,6.9,0,2,0.22,0.09,2.4,0,11.42,67,345,500,4,41,7.9,1.61,1.52,1.42,0.98
豇豆、叶尖、生的,豆制品,1,豇豆（干）_豇豆（鲜，长）_豇豆（紫）_豇豆、叶尖、生的,89.78,29,4.1,0.25,4.82,,,,0.35,0.18,1.12,36,,63,9,455,7,43,1.92,0.29,0.9,0.19,0.51
龙豆,豆制品,1,,90,36,3.7,0.5,5,1.9,0,43,0.04,0.06,1,11,0.77,147,54,142,4.1,46,1.3,0.46,4.06,0.35,0.19
垅船豆,豆制品,1,,90.3,36,2,0.4,6.8,1.3,0,7,0.04,0.02,0.3,13,0,37,0,192,0.9,22,1.3,0.22,0,0.06,0
眉豆（饭豇豆）,豆制品,1,,12,334,18.6,1.1,65.6,6.6,0,0,0.15,0.18,2.1,0,12.29,60,310,525,86.5,171,5.5,4.7,2.89,0.86,2.14
木豆（扭豆、豆蓉）,豆制品,1,,10.7,348,19.8,4.5,58.8,3.7,0,0,0.66,,0,0,0,231,528,0,0,0,12.5,0,0,0,0
脑豆,豆制品,1,,10.7,363,23.4,3.8,59.6,1.5,0,0,0.35,0.28,2.9,0,19.21,327,354,686,12,171,7.7,2.45,7.34,1.14,2.05
青豆（青大豆）,豆制品,1,,9.5,398,34.5,16,35.4,12.6,0,66,0.41,0.18,3,0,10.09,200,395,718,1.8,128,8.4,3.18,5.62,1.38,2.25
四季豆（菜豆）,豆制品,1,,91.3,31,2,0.4,5.7,1.5,0,35,0.04,0.07,0.4,6,1.24,42,51,123,8.6,27,1.5,0.23,0.43,0.11,0.18
豌豆（干）,豆制品,0.2,豌豆（干）_豌豆（花）_豌豆（鲜）,10.4,334,20.3,1.1,65.8,10.4,0,21,0.49,0.14,2.4,0,8.47,97,259,823,9.7,118,4.9,2.35,1.69,0.47,1.15
豌豆（花）,豆制品,1,豌豆（干）_豌豆（花）_豌豆（鲜）,11.5,336,21.6,1,63.6,6.9,0,20,0.68,0.22,2.4,0,9.63,106,218,736,3.2,112,4.4,2.47,9.72,0.54,1.17
豌豆（鲜）,豆制品,1,豌豆（干）_豌豆（花）_豌豆（鲜）,70.2,111,7.4,0.3,21.2,3,0,18,0.43,0.09,2.3,14,1.21,21,127,332,1.2,43,1.7,1.29,1.74,0.22,0.65
豌豆尖,豆制品,1,,42.1,225,3.1,0,53.9,1.3,0,226,0.07,0.23,0,11,0.22,17,65,160,3.2,24,5.1,0.93,1.94,0.06,0.98
小豆（红，红小豆）,豆制品,1,,12.6,324,20.2,0.6,63.4,7.7,0,7,0.16,0.11,2,0,14.36,74,305,860,2.2,138,7.4,2.2,3.8,0.64,1.33
鹰嘴豆（桃豆）,豆制品,1,,11.3,340,21.2,4.2,60.1,11.6,0,7,0.41,0.25,0,3.5,11.61,150,450,830,6,210,3.4,1.5,0,0.44,2.2
油豆角（多花菜豆）,豆制品,1,,92.2,25,2.4,0.3,3.9,1.6,0,13,0.07,0.08,1.4,11,2.39,69,56,240,3.3,35,1.9,0.38,1.1,0.61,0.12
芸豆（白）,豆制品,1,芸豆（白）_芸豆（红）_芸豆（虎皮）_芸豆（杂，带皮）,14.4,315,23.4,1.4,57.2,9.8,0,0,0.18,0.26,2.4,0,6.16,0,0,0,0,0,0,0,0,0,0
芸豆（红）,豆制品,1,芸豆（白）_芸豆（红）_芸豆（虎皮）_芸豆（杂，带皮）,11.1,331,21.4,1.3,62.5,8.3,0,15,0.18,0.09,2,0,7.74,176,218,1215,0.6,164,5.4,2.07,4.81,0.83,1.43
芸豆（虎皮）,豆制品,1,芸豆（白）_芸豆（红）_芸豆（虎皮）_芸豆（杂，带皮）,10.2,341,22.5,0.9,62.5,3.5,0,0,0.37,0.28,2.1,0,6.02,156,66,809,3.3,31,1.7,1.2,9.75,0.53,1.02
芸豆（杂，带皮）,豆制品,1,芸豆（白）_芸豆（红）_芸豆（虎皮）_芸豆（杂，带皮）,9.8,327,22.4,0.6,63.3,10.5,0,0,0,0,0,0,0,349,386,1058,10.5,197,8.7,2.22,14.02,1.11,1.46
鲅鱼（马鲛鱼，燕鲅鱼，巴鱼）,海鲜,1,,72.5,122,21.2,3.1,2.2,0,75,9.5,0.03,0.04,2.1,0,0.71,35,130,370,74.2,50,0.8,1.39,51.81,0.37,0.03
蚌肉,海鲜,1,,80.8,71,15,0.9,0.8,0,148,141.5,0.01,0.22,0.4,0,0,190,,,6.1,,50,,,,
鲍鱼（杂色鲍）,海鲜,1,,77.5,84,12.6,0.8,6.6,0,242,12,0.01,0.16,0.2,0,2.2,266,77,136,2011.7,59,22.6,1.75,21.38,0.72,0.4
鳊鱼（鲂鱼，武昌鱼）,海鲜,1,,73.1,135,18.3,6.3,1.2,0,94,14,0.02,0.07,1.7,0,0.52,89,188,215,41.1,17,0.7,0.89,11.59,0.07,0.05
蚕蛹,海鲜,1,,57.5,230,21.5,13,6.7,0,155,0,0.07,2.23,2.2,0,9.89,81,207,272,140.2,103,2.6,6.17,11.1,0.53,0.64
草鱼（白鲩，草包鱼）,海鲜,1,,77.3,112,16.6,5.2,0,0,86,5.5,0.04,0.11,2.8,0,2.03,38,203,312,46,31,0.8,0.87,6.66,0.05,0.05
蛏干（蛏子缢，蛏青子）,海鲜,1,,12.2,340,46.5,4.9,27.4,0,469,10,0.07,0.31,5.1,0,0.41,107,791,586,1175,303,88.8,13.63,121.2,2.05,7.8
蛏子,海鲜,1,,88.4,40,7.3,0.3,2.1,0,131,29.5,0.02,0.12,1.2,0,0.59,134,114,140,175.9,35,33.6,2.01,55.14,0.38,1.93
大黄鱼（大黄花鱼）,海鲜,1,,77.7,96,17.7,2.5,0.8,0,86,5,0.03,0.1,1.9,0,1.13,53,174,260,120.3,39,0.7,0.58,42.57,0.04,0.02
大麻哈鱼（大马哈鱼）,海鲜,1,,74.1,143,17.2,8.6,0,0,101,22.5,0.07,0.18,4.4,0,0.78,13,154,361,0,36,0.3,1.11,29.47,0.03,0.02
带鱼（白带鱼，刀鱼）,海鲜,1,,73.3,127,17.7,4.9,3.1,0,76,14.5,0.02,0.06,2.8,0,0.82,28,191,280,150.1,43,1.2,0.7,36.57,0.08,0.17
鲷鱼（黑鲷，铜盆鱼，大目鱼）,海鲜,1,,75.2,106,17.9,2.6,2.7,0,65,6,0.02,0.1,3.5,0,1.08,186,304,261,103.9,36,2.3,1.2,31.53,0.08,0.26
鲽（比目鱼，凸眼鱼）,海鲜,1,,74.6,107,21.1,2.3,0.5,0,73,58.5,0.03,0.04,1.5,0,2.35,107,135,264,150.4,32,0.4,0.92,29.45,0.06,0.11
丁香鱼（干）,海鲜,1,,36.3,196,37.5,3.1,4.6,0,379,59.5,0.01,0.17,2,0,0.3,590,914,664,4375,319,4.3,3.4,41.24,0.35,0.84
鳜鱼（桂鱼）,海鲜,1,,74.5,117,19.9,4.2,0,0,124,6,0.02,0.07,5.9,0,0.87,63,217,295,68.6,32,1,1.07,26.5,0.1,0.03
蛤蜊,海鲜,1,,91,31,5.8,0.4,1.1,0,156,9.5,0.01,0.1,0.5,0,0.86,138,128,140,425.7,78,10.9,2.38,54.31,0.11,0.44
蛤蜊（花蛤）,海鲜,1,,87.2,45,7.7,0.6,2.2,0,63,11.5,0,0.13,1.9,0,0.51,59,126,235,309,82,6.1,1.19,77.1,0.2,0.39
海参（干）,海鲜,0.2,海参（干）_海参（水浸）_海参（鲜）,18.9,262,50.2,4.8,4.5,0,62,19.5,0.04,0.13,1.3,0,0,0,94,356,4968,1047,9,2.24,150,0.27,0.43
海参（水浸）,海鲜,1,海参（干）_海参（水浸）_海参（鲜）,93.5,24,6,0.1,0,0,51,5.5,0,0.03,0.3,0,0,240,10,41,80.9,31,0.6,0.27,5.79,0,0.04
海参（鲜）,海鲜,1,海参（干）_海参（水浸）_海参（鲜）,77.1,71,16.5,0.2,0.9,0,51,0,0.03,0.04,0.1,0,3.14,285,28,43,502.9,149,13.2,0.63,63.93,0.05,0.76
海蛎肉,海鲜,1,,85.6,66,8.4,2.3,2.9,0,0,0,0.03,0.07,1.7,0,7.66,167,,,194,,5.4,,,,
海蜇皮,海鲜,1,,76.5,33,3.7,0.3,3.8,0,8,0,0.03,0.05,0.2,0,2.13,150,30,160,325,124,4.8,0.55,15.54,0.12,0.44
河蚌,海鲜,1,,89.8,36,6.8,0.6,0.8,0,57,101,0.01,0.13,1,0,1.36,306,308,17,28.7,16,3.1,6.23,20.24,0.11,59.61
虾米（海米）,海鲜,1,虾米（海米）_虾皮_海虾_龙虾_基围虾_对虾_河虾_虾虎（琵琶虾）,37.4,195,43.7,2.6,0,0,525,10.5,0.01,0.12,5,0,1.46,555,666,550,4891.9,236,11,3.82,75.4,2.33,0.77
虾皮,海鲜,0.2,虾米（海米）_虾皮_海虾_龙虾_基围虾_对虾_河虾_虾虎（琵琶虾）,42.4,153,30.7,2.2,2.5,0,428,9.5,0.02,0.14,3.1,0,0.92,991,582,617,5057.7,265,6.7,1.93,74.43,1.08,0.82
海虾,海鲜,1,虾米（海米）_虾皮_海虾_龙虾_基围虾_对虾_河虾_虾虎（琵琶虾）,79.3,79,16.8,0.6,1.5,0,117,0,0.01,0.05,1.9,0,2.79,146,196,228,302.2,46,3,1.44,56.41,0.44,0.11
龙虾,海鲜,1,虾米（海米）_虾皮_海虾_龙虾_基围虾_对虾_河虾_虾虎（琵琶虾）,77.6,90,18.9,1.1,1,0,121,0,0,0.03,4.3,0,3.58,21,221,257,190,22,1.3,2.79,39.36,0.54,0
基围虾,海鲜,1,虾米（海米）_虾皮_海虾_龙虾_基围虾_对虾_河虾_虾虎（琵琶虾）,75.2,101,18.2,1.4,3.9,0,181,0,0.02,0.07,2.9,0,1.69,83,139,250,172,45,2,1.18,39.7,0.5,0.05
河虾,海鲜,1,虾米（海米）_虾皮_海虾_龙虾_基围虾_对虾_河虾_虾虎（琵琶虾）,78.1,84,16.4,2.4,0,0,240,24,0.04,0.03,0,0,5.33,325,186,329,138.8,60,4,2.24,29.65,0.64,0.27
对虾,海鲜,1,虾米（海米）_虾皮_海虾_龙虾_基围虾_对虾_河虾_虾虎（琵琶虾）,76.5,93,18.6,0.8,2.8,0,193,7.5,0.01,0.07,1.7,0,0.62,62,228,215,165.2,43,1.5,2.38,33.72,0.34,0.12
虾虎（琵琶虾）,海鲜,1,虾米（海米）_虾皮_海虾_龙虾_基围虾_对虾_河虾_虾虎（琵琶虾）,80.6,81,11.6,1.7,4.8,0,177,0,0.04,0.04,0.9,0,3.18,22,,,136.6,,1.7,,,,
河蚬（蚬子）,海鲜,1,,88.5,47,7,1.4,1.7,0,257,18.5,0.08,0.13,1.4,0,0.38,39,127,25,18.4,10,11.4,1.82,29.79,0.47,0.18
黄鳝（鳝丝）,海鲜,1,黄鳝（鳝丝）_黄鳝（鳝鱼）,85.2,61,15.4,0.8,0,0,0,0,0.04,2.08,1.8,0,1.1,57,81,278,131,0,2.8,1.82,36.38,0.02,8.25
黄鳝（鳝鱼）,海鲜,1,黄鳝（鳝丝）_黄鳝（鳝鱼）,78,89,18,1.4,1.2,0,126,25,0.06,0.98,3.7,0,1.34,42,206,263,70.2,18,2.5,1.97,34.56,0.05,2.22
鲚鱼（大凤尾鱼）,海鲜,1,,77.5,106,13.2,5.5,0.8,0,93,7.5,0,0.08,1,0,0.84,114,498,161,53.1,28,1.7,1.51,37.8,0.11,0.29
鲚鱼（小凤尾鱼）,海鲜,1,,72.7,124,15.5,5.1,4,0,0,7,0.06,0.06,0.9,0,0.74,78,460,225,38.5,23,1.6,1.3,33.3,0.1,0.17
鲫鱼（喜头鱼，海鲋鱼）,海鲜,1,,75.4,108,17.1,2.7,3.8,0,130,8.5,0.04,0.09,2.5,0,0.68,79,193,290,41.2,41,1.3,1.94,14.31,0.08,0.06
鲤鱼（鲤拐子）,海鲜,1,,76.7,109,17.6,4.1,0.5,0,84,12.5,0.03,0.09,2.7,0,1.27,50,204,334,53.7,33,1,2.08,15.38,0.06,0.05
鲢鱼（白鲢，胖子，连子鱼）,海鲜,1,,77.8,102,17.8,3.6,0,0,99,10,0.03,0.07,2.5,0,1.23,53,190,277,57.5,23,1.4,1.17,15.68,0.06,0.09
鲈鱼（鲈花）,海鲜,1,,77.7,100,18.6,3.4,0,0,86,9.5,0.03,0.17,3.1,0,0.75,138,242,205,144.1,37,2,2.83,33.06,0.05,0.04
罗非鱼,海鲜,1,,76,98,18.4,1.5,2.8,0,78,0,0.11,0.17,3.3,0,1.91,12,161,289,19.8,36,0.9,0.87,22.6,0.05,0.09
螺（东风螺，黄螺）,海鲜,1,螺（东风螺，黄螺）_螺（田螺）_螺蛳,70.7,106,19.8,1,4.5,0,0,1,0.06,1.02,2.1,0,0.33,55,140,297,129.4,32,3.3,2.21,27.52,1.05,0.42
螺（田螺）,海鲜,1,螺（东风螺，黄螺）_螺（田螺）_螺蛳,82,60,11,0.2,3.6,0,154,0,0.02,0.19,2.2,0,0.75,0,93,98,26,77,19.7,2.71,16.73,0.8,1.26
螺蛳,海鲜,1,螺（东风螺，黄螺）_螺（田螺）_螺蛳,83.3,59,7.5,0.6,6,0,86,0,0,0.28,2,0,0.43,156,98,75,252.6,178,1.4,10.27,16.95,1.52,1.05
鳗鱼、混合种、生的,海鲜,1,,68.26,184,18.44,11.66,0,0,,,0.15,0.04,3.5,1.8,,20,216,272,51,20,0.5,1.62,6.5,0.02,0.04
墨鱼,海鲜,1,墨鱼_墨鱼（干，曼氏无针乌贼）,79.2,82,15.2,0.9,3.4,0,226,0,0.02,0.04,1.8,0,1.49,15,165,400,165.5,39,1,1.34,37.52,0.69,0.1
墨鱼（干，曼氏无针乌贼）,海鲜,0.2,墨鱼_墨鱼（干，曼氏无针乌贼）,24.8,287,65.3,1.9,2.1,0,316,0,0.02,0.05,3.6,0,6.73,82,413,1261,1744,359,23.9,10.02,104.4,4.2,0.2
泥鳅,海鲜,1,,76.6,96,17.9,2,1.7,0,136,7,0.1,0.33,6.2,0,0.79,299,302,282,74.8,28,2.9,2.76,35.3,0.09,0.47
鲇鱼(胡子鲇，鲢胡，旺虾),海鲜,1,,78,102,17.3,3.7,0,0,163,0,0.03,0.1,2.5,0,0.54,42,195,351,49.6,22,2.1,0.53,27.49,0.09,0.03
鲶鱼，海峡，野生，生,海鲜,1,,80.36,95,16.38,2.82,0,0,,,0.21,0.07,1.91,0.7,,14,209,358,43,23,0.3,0.51,12.6,0.03,0.03
鲆(片口鱼，比目鱼),海鲜,1,,75.9,105,20.8,3.2,0,0,0,0,0.11,0,4.5,0,0.5,55,178,317,66.7,55,1,0.53,36.97,0.02,0.04
青鱼(青皮鱼，青鳞鱼，青混),海鲜,1,,73.9,116,20.1,4.2,0.2,0,108,21,0.03,0.07,2.9,0,0.81,31,184,325,47.4,32,0.9,0.96,37.69,0.06,0.04
三文鱼、鲑鱼、生的,海鲜,1,,75.38,120,20.14,3.77,0,0,,,0.08,0.18,7,0,,11,283,429,50,22,0.55,0.47,36.5,0.06,0.02
鲨鱼(青鲨，白斑角鲨),海鲜,1,,75.1,110,22.2,3.2,0,0,70,10.5,0.01,0.05,3.1,0,0.58,41,212,285,102.2,30,0.9,0.73,57.02,0.06,0.03
蛇鲻(沙丁鱼，沙鲻),海鲜,1,,78,88,19.8,1.1,0,0,86,0,0.01,0.03,2,0,0.26,184,183,136,91.5,30,1.4,0.16,48.95,0.02,0.07
生蚝,海鲜,1,,87.1,57,10.9,1.5,0,0,94,0,0.04,0.13,1.5,0,0.13,35,100,375,270,10,5.5,71.2,41.4,11.5,0.3
生鲤鱼,海鲜,1,,76.31,127,17.83,5.6,0,0,,,0.12,0.06,1.64,1.6,,41,415,333,49,29,1.24,1.48,12.6,0.06,0.04
鲀（绿鳍马面鲀，面包鱼）,海鲜,1,,78.9,83,18.1,0.6,1.2,0,45,7.5,0.02,0.05,3,0,1.03,5.4,185,291,80.5,27,0.9,1.44,38.18,0.07,0.1
乌鳢（黑鱼，石斑鱼，生鱼）,海鲜,1,,78.7,85,19.5,1.2,0,0,91,13,0.02,0.14,2.5,0,0.97,152,232,313,48.8,33,0.7,0.8,24.57,0.05,0.06
乌贼（鲜，枪乌贼，台湾枪乌贼）,海鲜,1,,80.4,84,17.4,1.6,0,0,268,17.5,0.02,0.06,1.6,0,1.68,44,19,290,110,42,0.9,2.38,38.18,0.45,42
扇贝干（干贝）,海鲜,0.2,扇贝干（干贝）_鲜贝_鲜赤贝_鲜扇贝,27.4,264,55.6,2.4,5.1,0,348,5.5,0,0.21,2.5,0,1.53,77,504,969,306.4,106,5.6,5.05,76.35,0.1,0.43
鲜贝,海鲜,1,扇贝干（干贝）_鲜贝,80.3,77,15.7,0.5,2.5,0,116,0,0,0.21,2.5,0,1.46,28,166,226,120,31,0.7,2.08,57.35,0,0.33
鲜赤贝,海鲜,1,扇贝干（干贝）_鲜贝_鲜赤贝_鲜扇贝,84.9,61,13.9,0.6,0,0,0,0,0,0.1,0.2,0,13.22,35,,,266.1,,4.8,,,,
鲜扇贝,海鲜,1,扇贝干（干贝）_鲜贝_鲜赤贝_鲜扇贝,84.2,60,11.1,0.6,2.6,0,0,0,0,0.1,0.2,0,11.85,142,132,122,339,39,7.2,11.69,20.22,0.48,0.7
蟹（海蟹）,海鲜,1,,77.1,95,13.8,2.3,4.7,0,125,15,0.01,0.1,2.5,0,2.99,208,142,232,260,47,1.6,3.32,85.65,1.67,0.18
蟹（河蟹）,海鲜,1,,75.8,103,17.5,2.6,2.3,0,267,194.5,0.06,0.28,1.7,0,6.09,126,182,182,193.5,23,2.9,3.68,56.72,2.97,0.42
蟹（踞缘青蟹，青蟹）,海鲜,1,,79.8,80,14.6,1.6,1.7,0,119,201,0.02,0.39,2.3,0,2.79,228,262,206,192.9,42,0.9,4.34,75.9,2.84,0.17
蟹（梭子蟹）,海鲜,1,,77.5,95,15.9,3.1,0.9,0,142,60.5,0.03,0.3,1.9,0,4.56,280,152,208,481.4,65,2.5,5.5,90.96,1.25,0.26
蟹肉,海鲜,1,,84.4,62,11.6,1.2,1.1,0,65,0,0.03,0.09,4.3,0,2.91,231,159,214,270,41,1.8,2.15,33.3,1.33,0.31
鳕鱼（鳕狭，明太鱼）,海鲜,1,,77.4,88,20.4,0.5,0.5,0,114,7,0.04,0.13,2.7,0,0,42,232,321,130.3,84,0.5,0.86,24.8,0.01,0.01
鳕鱼、大西洋鳕鱼、生的,海鲜,1,,81.22,82,17.81,0.67,0,0,,,0.08,0.07,2.06,1,,16,203,413,54,32,0.38,0.45,33.1,0.03,0.02
鳐鱼（夫鱼）,海鲜,1,,81.1,90,20.8,0.7,0,0,48,13.5,0.01,0.11,3.6,0,0.79,22,159,277,130,20,0.6,0.52,29.4,0.05,0.03
银鱼（面条鱼）,海鲜,1,,76.2,119,17.2,5.6,0,0,361,0,0.03,0.05,0.2,0,1.86,46,22,246,8.6,25,0.9,0.16,9.54,0,0.07
鳙鱼（胖头鱼，摆佳鱼，花鲢鱼）,海鲜,1,,76.5,100,15.3,2.2,4.7,0,112,17,0.04,0.11,2.8,0,2.65,82,180,229,60.6,26,0.8,0.76,19.47,0.07,0.08
鱿鱼（干，台湾枪乌贼）,海鲜,0.2,,21.8,313,60,4.6,7.8,0,871,0,0.02,0.13,4.9,0,9.72,87,392,1131,965.3,192,4.1,11.24,156.12,1.07,0.18
鱿鱼（水浸）,海鲜,1,,81.4,75,18.3,0.8,0,0,0,8,0,0.03,0,0,0.94,43,60,16,134.7,61,0.5,1.36,13.65,0.2,0.06
章鱼（真蛸）,海鲜,1,,86.4,52,10.6,0.4,1.4,0,114,3.5,0.07,0.13,1.4,0,0.16,22,106,157,288.1,42,1.4,5.18,41.86,9,0.4
鳟鱼（红鳟鱼）,海鲜,1,,77,99,18.6,2.6,0.2,0,102,103,0.08,0,0,0,3.55,34,374,688,110,45,0,4.3,20.4,0.18,0.07
鸡蛋（白皮）,鸡蛋,1,鸡蛋（白皮）_鸡蛋（红皮）_鸡蛋白_鸡蛋黄,75.8,138,12.7,9,1.5,0,585,155,0.09,0.31,0.2,0,1.23,48,176,98,94.7,14,2,1,16.55,0.06,0.03
鸡蛋（红皮）,鸡蛋,1,鸡蛋（白皮）_鸡蛋（红皮）_鸡蛋白_鸡蛋黄,73.8,156,12.8,11.1,1.3,0,585,97,0.13,0.32,0.2,0,2.29,44,182,121,125.7,11,2.3,1.01,14.98,0.07,0.04
鸡蛋白,鸡蛋,0.2,鸡蛋（白皮）_鸡蛋（红皮）_鸡蛋白_鸡蛋黄,84.4,60,11.6,0.1,3.1,0,0,0,0.04,0.31,0.2,0,0.01,9,18,132,79.4,15,1.6,0.02,6.97,0.05,0.02
鸡蛋黄,鸡蛋,0.2,鸡蛋（白皮）_鸡蛋（红皮）_鸡蛋白_鸡蛋黄,51.5,328,15.2,28.2,3.4,0,1510,219,0.33,0.29,0.1,0,5.06,112,240,95,54.9,41,6.5,3.79,27.01,0.28,0.06
鸡,鸡肉,1,鸡_鸡肉、肝、所有类_鸡肉、鸡肉、杂碎、生的_鸡肉、肉仔鸡或雏鸡、背部、仅肉、生的_鸡肉、肉仔鸡或雏鸡、腿、仅肉、生的_鸡腿,69,167,19.3,9.4,1.3,0,106,24,0.05,0.09,5.6,0,0.67,9,156,251,63.3,19,1.4,1.09,11.75,0.07,0.03
鸡肉、肝、所有类,鸡肉,1,鸡_鸡肉、肝、所有类_鸡肉、鸡肉、杂碎、生的_鸡肉、肉仔鸡或雏鸡、背部、仅肉、生的_鸡肉、肉仔鸡或雏鸡、腿、仅肉、生的_鸡腿,66.81,167,24.46,6.51,0.87,0,,,0.29,1.99,11.05,27.9,,11,405,263,76,25,11.63,3.98,82.4,0.5,0.36
鸡肉、鸡肉、杂碎、生的,鸡肉,1,鸡_鸡肉、肝、所有类_鸡肉、鸡肉、杂碎、生的_鸡肉、肉仔鸡或雏鸡、背部、仅肉、生的_鸡肉、肉仔鸡或雏鸡、腿、仅肉、生的_鸡腿,74.12,130,18.28,5.18,1.42,0,,,0.1,1.12,6.98,18.4,,10,207,226,77,18,6.25,3.38,55.3,0.27,0.16
鸡肉、肉仔鸡或雏鸡、背部、仅肉、生的,鸡肉,1,鸡_鸡肉、肝、所有类_鸡肉、鸡肉、杂碎、生的_鸡肉、肉仔鸡或雏鸡、背部、仅肉、生的_鸡肉、肉仔鸡或雏鸡、腿、仅肉、生的_鸡腿,75.31,137,19.56,5.92,0,0,,,0.07,0.16,6.67,0,,17,151,204,82,22,1.04,1.85,13.5,0.06,0.02
鸡肉、肉仔鸡或雏鸡、腿、仅肉、生的,鸡肉,1,鸡_鸡肉、肝、所有类_鸡肉、鸡肉、杂碎、生的_鸡肉、肉仔鸡或雏鸡、背部、仅肉、生的_鸡肉、肉仔鸡或雏鸡、腿、仅肉、生的_鸡腿,76.41,120,19.16,4.22,0,0,,,0.09,0.18,5.58,0,,10,180,238,96,23,0.78,1.76,21,0.06,0.02
鸡腿,鸡肉,1,鸡_鸡肉、肝、所有类_鸡肉、鸡肉、杂碎、生的_鸡肉、肉仔鸡或雏鸡、背部、仅肉、生的_鸡肉、肉仔鸡或雏鸡、腿、仅肉、生的_鸡腿,70.2,181,16.4,13,0,0,162,22,0.02,0.14,6,0,0.03,6,172,242,64.4,34,1.5,1.12,12.4,0.09,0.03
草菇（大黑头细花草）,菌菇藻,1,,92.3,27,2.7,0.2,4.3,1.6,0,0,0.08,0.34,8,0,0.4,17,33,179,73,21,1.3,0.6,0.02,0.4,0.09
茶树菇,菌菇藻,1,香菇（干，香蕈，冬菇）_香菇（鲜，香蕈，冬菇）_口蘑（白蘑）_牛肝菌（白，干，美味牛肝菌）_火鸡肝_黄伞菇_茶树菇_蘑菇（干）_榛蘑（干，小蜜环菌）_鸡腿菇（干）_冬菇（干，毛柄金线菌）_松蘑（干）,12.2,309,23.1,2.6,56.1,0,0,0,0.32,1.48,39.39,0,0,4,908,2165,6,124,9.3,8.38,7.24,2.76,0.73
大红菇（草质红菇）,菌菇藻,1,,15.5,263.2,24.4,2.8,50.9,31.6,0,6.5,0.26,6.9,19.5,2,0,1,523,228,1.7,30,7.5,3.5,10.64,2.3,0.91
冬菇（干，毛柄金线菌）,菌菇藻,0.2,香菇（干，香蕈，冬菇）_香菇（鲜，香蕈，冬菇）_口蘑（白蘑）_牛肝菌（白，干，美味牛肝菌）_火鸡肝_黄伞菇_茶树菇_蘑菇（干）_榛蘑（干，小蜜环菌）_鸡腿菇（干）_冬菇（干，毛柄金线菌）_松蘑（干）,13.4,276.6,17.8,1.3,64.6,32.3,0,2.5,0.17,1.4,24.4,5,3.47,55,469,1155,20.4,104,10.5,4.2,7.45,0.45,5.02
粉丝,菌菇藻,1,,15,368,0.8,0.2,83.7,1.1,0,0,0.03,0.02,0.4,0,0,31,16,18,9.3,11,6.4,0.27,3.39,0.05,0.15
腐竹,菌菇藻,1,,7.9,461,44.6,21.7,22.3,1,0,0,0.13,0.07,0.8,0,27.84,77,284,553,26.5,71,16.5,3.69,6.65,1.31,2.55
海带（江白菜，昆布）,菌菇藻,1,裙带菜（干）_海带（江白菜，昆布）,70.5,90,1.8,0.1,23.4,6.1,0,20,0.01,0.1,0.8,0,0.85,348,52,761,327.4,129,4.7,0.65,5.84,0.14,1.14
海带（鲜，江白菜）,菌菇藻,1,,94.4,13,1.2,0.1,2.1,0.5,0,0,0.02,0.15,1.3,0,1.85,46,22,246,8.6,25,0.9,0.16,9.54,0,0.07
海带菜（鲜）,菌菇藻,1,,68.3,112,1.4,7.5,15.3,0,0,34,0.04,0.03,0,0,2.37,201,27,44,2511.7,46,2.3,4.93,0.5,0.07,0.33
黄蘑（干）,菌菇藻,0.2,,39.3,202.6,16.4,1.5,40.1,18.3,0,6,0.15,1,5.8,0,1.26,11,194,1953,6.1,91,22.5,5.26,1.09,0.46,3.09
黄伞菇,菌菇藻,1,香菇（干，香蕈，冬菇）_香菇（鲜，香蕈，冬菇）_口蘑（白蘑）_牛肝菌（白，干，美味牛肝菌）_火鸡肝_黄伞菇_茶树菇_蘑菇（干）_榛蘑（干，小蜜环菌）_鸡腿菇（干）_冬菇（干，毛柄金线菌）_松蘑（干）,10.8,294,22.8,3.2,57.5,0,0,0,0.17,1.93,41.38,0,0,4,566,3128,6.4,96,7.6,5.58,13.56,5.39,0.67
火鸡肝,菌菇藻,1,香菇（干，香蕈，冬菇）_香菇（鲜，香蕈，冬菇）_口蘑（白蘑）_牛肝菌（白，干，美味牛肝菌）_火鸡肝_黄伞菇_茶树菇_蘑菇（干）_榛蘑（干，小蜜环菌）_鸡腿菇（干）_冬菇（干，毛柄金线菌）_松蘑（干）,69.9,143,20,5.6,3.1,0,294,0,0.06,1.21,43,0,1.13,3,225,244,128.6,18,20.7,1.74,36,0.02,0.13
鸡腿菇（干）,菌菇藻,0.2,香菇（干，香蕈，冬菇）_香菇（鲜，香蕈，冬菇）_口蘑（白蘑）_牛肝菌（白，干，美味牛肝菌）_火鸡肝_黄伞菇_茶树菇_蘑菇（干）_榛蘑（干，小蜜环菌）_鸡腿菇（干）_冬菇（干，毛柄金线菌）_松蘑（干）,10.8,294,26.7,2,51.8,0,0,0,0.14,1.79,24.99,0,5.01,9,764,4053,68.2,119,6.5,3.95,15.39,1.4,0.72
口蘑（白蘑）,菌菇藻,1,香菇（干，香蕈，冬菇）_香菇（鲜，香蕈，冬菇）_口蘑（白蘑）_牛肝菌（白，干，美味牛肝菌）_火鸡肝_黄伞菇_茶树菇_蘑菇（干）_榛蘑（干，小蜜环菌）_鸡腿菇（干）_冬菇（干，毛柄金线菌）_松蘑（干）,9.2,277,38.7,3.3,31.6,17.2,0,0,0.07,0.08,44.3,0,8.57,169,1655,3106,5.2,167,19.4,9.04,0,5.88,5.96
螺旋藻（干）,菌菇藻,0.2,,6.5,358,64.7,3.1,18.2,1,0,3234,0.28,1.41,10,0,27.11,137,1317,1506,1624,402,88,2.62,5.24,0.54,1.34
落葵（木耳菜，软浆菜）,菌菇藻,1,,92.8,23,1.6,0.3,4.3,1.5,0,168,0.06,0.06,0.6,34,1.66,166,42,140,47.2,62,3.2,0.32,2.6,0.07,0.43
蘑菇（干）,菌菇藻,0.2,香菇（干，香蕈，冬菇）_香菇（鲜，香蕈，冬菇）_口蘑（白蘑）_牛肝菌（白，干，美味牛肝菌）_火鸡肝_黄伞菇_茶树菇_蘑菇（干）_榛蘑（干，小蜜环菌）_鸡腿菇（干）_冬菇（干，毛柄金线菌）_松蘑（干）,13.7,294,21,4.6,52.7,21,0,136.5,0.1,1.1,30.7,5,6.18,127,357,1225,23.3,94,0,6.29,39.18,1.05,
蘑菇（鲜，鲜蘑）,菌菇藻,1,,92.4,24.2,2.7,0.1,4.1,2.1,0,1,0.08,0.35,4,2,0.56,6,94,312,8.3,11,1.2,0.92,0.55,0.49,0.11
蘑菇、白蘑菇、生的,菌菇藻,1,,92.45,22,3.09,0.34,3.26,1,,,0.08,0.4,3.61,2.1,,3,86,318,5,9,0.5,0.52,9.3,0.32,0.05
木耳（干，黑木耳，云耳）,菌菇藻,0.2,银耳（白木耳）_木耳（干，黑木耳，云耳）_木耳（水发，黑木耳，云耳）,15.5,264.8,12.1,1.5,65.6,29.9,0,8,0.17,0.44,2.5,0,11.34,247,292,757,48.5,152,97.4,3.18,3.72,0.32,8.86
木耳（水发，黑木耳，云耳）,菌菇藻,1,银耳（白木耳）_木耳（干，黑木耳，云耳）_木耳（水发，黑木耳，云耳）,91.8,27,1.5,0.2,6,2.6,0,1.5,0.01,0.05,0.2,1,,34,34,12,8.5,57,5.5,0.53,0.46,0.04,0.97
苜蓿（草头，金花菜）,菌菇藻,1,,90.2,148,5,0.7,2.9,1.4,0,915,0.02,0.17,1,102,2.82,112,22,32,26.2,11,2.8,0.25,0.11,0.04,0.13
牛肝菌（白，干，美味牛肝菌）,菌菇藻,0.2,香菇（干，香蕈，冬菇）_香菇（鲜，香蕈，冬菇）_口蘑（白蘑）_牛肝菌（白，干，美味牛肝菌）_火鸡肝_黄伞菇_茶树菇_蘑菇（干）_榛蘑（干，小蜜环菌）_鸡腿菇（干）_冬菇（干，毛柄金线菌）_松蘑（干）,11.6,296,27.8,1.6,53.3,0,0,9,0.32,1.72,43.08,0,4.42,2,528,1571,9.1,47,9.2,5.8,758.8,1.19,3.88
牛肝菌（白，美味牛肝菌）,菌菇藻,1,,90.2,35,4,0.4,4.5,1.5,0,0,0.14,1.11,2.1,0,8.93,5,68,391,2.1,10,2.1,0.98,0.25,0.32,0.19
平菇（鲜，糙皮）,菌菇藻,1,,92.5,24,1.9,0.3,4.6,2.3,0,1,0.06,0.16,3.1,4,0.79,5,86,258,3.8,14,1,0.61,1.07,0.08,0.07
裙带菜（干）,菌菇藻,0.2,裙带菜（干）_海带（江白菜，昆布）,9.2,219,25,1.7,41.5,31.1,0,186,0.02,0.07,0,0,0,947,305,335,4411.6,1022,16.4,1.62,15.88,0.12,0.95
双孢蘑菇（洋蘑菇）,菌菇藻,1,,92.4,26,4.2,0.1,2.7,1.5,0,0,0,0.27,3.2,0,0,2,43,307,2,9,0.9,6.6,6.99,0.45,0.1
松蘑（干）,菌菇藻,0.2,香菇（干，香蕈，冬菇）_香菇（鲜，香蕈，冬菇）_口蘑（白蘑）_牛肝菌（白，干，美味牛肝菌）_火鸡肝_黄伞菇_茶树菇_蘑菇（干）_榛蘑（干，小蜜环菌）_鸡腿菇（干）_冬菇（干，毛柄金线菌）_松蘑（干）,10.6,273,12.5,3,66.5,0,0,8,0.08,1.48,23.42,0,5.48,7,390,2402,31.6,50,156.5,5.49,102.6,1.76,1.13
松蘑（松口蘑，松茸）,菌菇藻,1,,16.1,207,20.3,3.2,48.2,47.8,0,0,0.01,1.48,0,0,3.09,14,50,93,4.3,0,86,6.22,98.44,10.3,1.63
香菇（干，香蕈，冬菇）,菌菇藻,0.2,香菇（干，香蕈，冬菇）_香菇（鲜，香蕈，冬菇）_口蘑（白蘑）_牛肝菌（白，干，美味牛肝菌）_火鸡肝_黄伞菇_茶树菇_蘑菇（干）_榛蘑（干，小蜜环菌）_鸡腿菇（干）_冬菇（干，毛柄金线菌）_松蘑（干）,12.3,274.2,20,1.2,61.7,31.6,0,1.5,0.19,1.26,20.5,5,0.66,83,258,464,11.2,147,10.5,8.57,6.42,1.03,5.47
香菇（鲜，香蕈，冬菇）,菌菇藻,1,香菇（干，香蕈，冬菇）_香菇（鲜，香蕈，冬菇）_口蘑（白蘑）_牛肝菌（白，干，美味牛肝菌）_火鸡肝_黄伞菇_茶树菇_蘑菇（干）_榛蘑（干，小蜜环菌）_鸡腿菇（干）_冬菇（干，毛柄金线菌）_松蘑（干）,91.7,25.6,2.2,0.3,5.2,3.3,0,0,0,0.08,2,1,0,2,53,20,1.4,11,0.3,0.66,2.58,0.12,0.25
香杏丁蘑（干，大）,菌菇藻,0.2,,14.1,256.8,22.4,0.2,53.9,24.9,0,0,0,3.11,0,0,0,17,73,238,43.4,0,113.2,7.78,15.3,5.11,2.84
"羊肚菌（干,狼肚）",菌菇藻,0.2,,14.3,320.8,26.9,7.1,43.7,12.9,0,89,0.1,2.25,8.8,3,3.58,87,1193,1726,33.6,117,30.7,12.11,4.82,2.34,2.49
银耳（白木耳）,菌菇藻,0.2,银耳（白木耳）_木耳（干，黑木耳，云耳）_木耳（水发，黑木耳，云耳）,14.6,260.8,10,1.4,67.3,30.4,0,4,0.05,0.25,5.3,0,1.26,36,369,1588,82.1,54,4.1,3.03,2.95,0.08,0.17
鱼腥草（根）,菌菇藻,1,,77.4,261,2.1,0.1,19.5,0,0,7,0.09,0.06,0.78,3,0.26,74,55,469,42.4,27,2.3,0.69,0.43,0.11,1.28
珍珠白蘑,菌菇藻,1,,12.1,258,18.3,0.7,56.3,23.3,0,0,0,0.02,0,0,0,24,28,284,4.4,0,189.8,3.55,78.52,1.03,4.79
榛蘑（半干，假蜜环菌）,菌菇藻,1,,51.1,177.8,9.5,3.7,31.9,10.4,0,3,0.01,0.69,7.5,0,3.34,11,286,2493,51.3,109,25.1,6.79,2.65,1.45,4.13
榛蘑（干，小蜜环菌）,菌菇藻,0.2,香菇（干，香蕈，冬菇）_香菇（鲜，香蕈，冬菇）_口蘑（白蘑）_牛肝菌（白，干，美味牛肝菌）_火鸡肝_黄伞菇_茶树菇_蘑菇（干）_榛蘑（干，小蜜环菌）_鸡腿菇（干）_冬菇（干，毛柄金线菌）_松蘑（干）,8,329,17.7,10.8,54.6,0,0,40,0.14,0.71,26.91,0,3.35,9,893,4629,18.7,100,22.4,6,2.38,1.36,1.55
绿豆面,面粉,1,,9.600000381,341,20.79999924,0.699999988,65.8,5.800000191,0,8,0.449999988,0.119999997,0.699999988,0,0,134,304,1055,3.299999952,0,8.100000381,2.68,10.58,1.55,0
荞麦面,面粉,1,,14.2,340,11.3,2.8,70.2,0,0,2,0.26,0.1,3.47,0,5.31,71,243,304,0.9,151,7,1.94,2.16,0.39,0.59
全麦面粉,面粉,0.4,,10.74,340,13.21,2.5,71.97,10.7,0,0,0.502,0.165,4.957,0,0,34,357,363,2,137,3.6,2.6,61.8,0.41,4.067
小麦粉（标准粉）,面粉,1,小麦粉（标准粉）_小麦粉（特二粉）_小麦粉（特一，富强粉）_小麦粉（代表值）,9.9,362,15.7,2.5,70.9,2.1,0,12.7,0.46,0.05,1.91,0,0.32,31,167,190,3.099999905,50,0.6,0.2,7.42,0.06,0.1
小麦粉（代表值）,面粉,1,小麦粉（标准粉）_小麦粉（特二粉）_小麦粉（特一，富强粉）_小麦粉（代表值）,11.2,359,12.4,1.7,74.1,0.8,0,0,0.2,0.06,1.57,0,0.66,28,136,185,14.1,53,1.4,0.69,7.1,0.23,0.37
小麦粉（特二粉）,面粉,1,小麦粉（标准粉）_小麦粉（特二粉）_小麦粉（特一，富强粉）_小麦粉（代表值）,12,352,10.4,1.1,75.9,1.6,0,0,0.15,0.11,2,0,1.25,30,120,124,1.5,48,3,0.96,6.01,0.58,0.92
小麦粉（特一，富强粉）,面粉,1,小麦粉（标准粉）_小麦粉（特二粉）_小麦粉（特一，富强粉）_小麦粉（代表值）,12.7,351,10.3,1.1,75.2,0.6,0,0,0.17,0.06,2,0,0.73,27,114,128,2.7,32,2.7,0.97,6.88,0.26,0.77
小米面,面粉,1,,11.8,357,7.2,2.1,77.7,0.7,0,0,0.13,0.08,2.5,0,0,40,159,129,6.2,57,6.1,1.18,2.82,0.32,0.55
莜麦面,面粉,0.2,,8,391,13.7,8.6,67.7,0,0,0,0.2,0.09,0.29,0,0.39,40,259,255,1.8,62,3.8,2.18,2.9,0.41,1.71
玉米面（白）,面粉,1,玉米面（强化豆粉）_玉米面（白）_玉米面（黄）,13.39999962,352,8,4.5,73.1,6.199999809,0,0,0.340000004,0.059999999,3,0,6.889999866,12,187,276,0.5,111,1.299999952,1.22,1.58,0.23,0.4
玉米面（黄）,面粉,1,玉米面（强化豆粉）_玉米面（白）_玉米面（黄）,11.2,350,8.5,1.5,78.4,0,0,3,0.07,0.04,0.8,0,0.98,22,196,249,2.299999952,84,0.4,0.08,2.68,0.01,0.02
玉米面（强化豆粉）,面粉,1,玉米面（强化豆粉）_玉米面（白）_玉米面（黄）,13.60000038,352,11.80000019,4.900000095,68.3,6.400000095,0,0,0.209999993,0.039999999,3.099999905,0,7.130000114,18,234,370,1.600000024,106,3.400000095,1.28,9.15,0.38,0.74
牛肉（肥瘦）,牛肉,1,牛肉（肥瘦）_牛肉（后腱）_牛肉（后腿）_牛肉（前腱）_牛肉（前腿）_牛肉（瘦）_牛肉（里脊）_牛肉（五花，肋条）,68.1,190,18.1,13.4,0,0,84,4.5,0.03,0.11,7.4,0,0.22,8,168,216,57.4,20,3.2,4.73,6.45,0.18,0.04
牛肉（后腱）,牛肉,1,牛肉（肥瘦）_牛肉（后腱）_牛肉（后腿）_牛肉（前腱）_牛肉（前腿）_牛肉（瘦）_牛肉（里脊）_牛肉（五花，肋条）,78.1,93,18,1.8,1.1,0,58,1.5,0.02,0.18,3.7,0,0.74,6,195,182,70.6,20,2.3,3.93,3.82,0.1,0.04
牛肉（后腿）,牛肉,1,牛肉（肥瘦）_牛肉（后腱）_牛肉（后腿）_牛肉（前腱）_牛肉（前腿）_牛肉（瘦）_牛肉（里脊）_牛肉（五花，肋条）,77.1,98,19.8,2,0.1,0,58,1,0.02,0.18,5.7,0,0.81,7,210,197,30.6,21,2.1,4.07,4.96,0.11,0.02
牛肉（里脊）,牛肉,1,牛肉（肥瘦）_牛肉（后腱）_牛肉（后腿）_牛肉（前腱）_牛肉（前腿）_牛肉（瘦）_牛肉（里脊）_牛肉（五花，肋条）,78,107,22.2,0.9,2.4,0,63,4,0,0,7.2,0,0.8,3,241,140,75.1,29,4.4,6.92,2.76,0.11,0
牛肉（前腱）,牛肉,1,牛肉（肥瘦）_牛肉（后腱）_牛肉（后腿）_牛肉（前腱）_牛肉（前腿）_牛肉（瘦）_牛肉（里脊）_牛肉（五花，肋条）,76.6,100,18.4,2.1,1.8,0,58,1,0.02,0.18,4.1,0,0.42,6,181,182,61.2,22,3,7.61,4.97,0.11,0
牛肉（前腿）,牛肉,1,牛肉（肥瘦）_牛肉（后腱）_牛肉（后腿）_牛肉（前腱）_牛肉（前腿）_牛肉（瘦）_牛肉（里脊）_牛肉（五花，肋条）,78,95,15.7,2.4,2.7,0,58,1,0.02,0.19,3.9,0,0.71,7,181,176,54.6,20,1.6,4.5,3.51,0.11,0.05
牛肉（瘦）,牛肉,1,牛肉（肥瘦）_牛肉（后腱）_牛肉（后腿）_牛肉（前腱）_牛肉（前腿）_牛肉（瘦）_牛肉（里脊）_牛肉（五花，肋条）,75.2,106,20.2,2.3,1.2,0,58,3,0.07,0.13,6.3,0,0.35,9,172,284,53.6,21,2.8,3.71,10.55,0.16,0.04
牛肉（五花，肋条）,牛肉,1,牛肉（肥瘦）_牛肉（后腱）_牛肉（后腿）_牛肉（前腱）_牛肉（前腿）_牛肉（瘦）_牛肉（里脊）_牛肉（五花，肋条）,75.1,123,18.6,5.4,0,0,84,3.5,0.06,0.13,3.1,0,0.37,19,120,217,66.6,14,2.7,4.05,2.35,0.07,0.06
艾蒿,蔬菜,1,,86.4,0,0,0,3.6,3.6,0,27,0,0,0,7,0,137,60,677,0,54,7.7,0.78,0,0.28,0.84
白菜（脱水）,蔬菜,0.2,白菜（脱水）_大白菜（白梗）_大白菜（青白口）_大白菜（小白口）_大白菜（代表值）_小白菜（青菜，白菜）_圆白菜（卷心菜）_奶白菜_娃娃菜_酸白菜（酸菜）,10,305,6.2,0.8,72.9,9.4,0,0,0.24,0,4.8,187,0,908,485,2269,492.5,219,13.8,4.68,6.33,0.87,2.65
白菜苔（菜苔菜心）,蔬菜,1,,91.3,28,2.8,0.5,4,1.7,0,80,0.05,0.08,1.2,44,0.52,96,54,236,26,19,2.8,0.87,6.68,0.18,0.41
白萝卜（莱菔）,蔬菜,1,白萝卜（莱菔）_卞萝卜（红皮萝卜）_红心萝卜（心里美）_胡萝卜（红）_胡萝卜（黄）_青萝卜_水萝卜（脆萝卜）_小水萝卜（算盘子，红皮萝卜）_红旦旦萝卜（樱桃萝卜、小水萝卜）,94.6,16,0.7,0.1,4,0,0,0,0.02,0.01,0.14,19,0,47,16,167,54.3,12,0.2,0.14,0.12,0.01,0.05
扁豆（鲜，月亮菜）,蔬菜,1,扁豆（鲜，月亮菜）_豆角_豆角（白）,88.3,41,2.7,0.2,8.2,2.1,0,13,0.04,0.07,0.9,13,0.24,38,54,178,3.8,34,1.9,0.72,0.94,0.12,0.34
卞萝卜（红皮萝卜）,蔬菜,1,白萝卜（莱菔）_卞萝卜（红皮萝卜）_红心萝卜（心里美）_胡萝卜（红）_胡萝卜（黄）_青萝卜_水萝卜（脆萝卜）_小水萝卜（算盘子，红皮萝卜）_红旦旦萝卜（樱桃萝卜、小水萝卜）,94.2,20.2,0.8,0.1,5.3,1.1,0,0,0.01,0.02,0.22,5.6,0,39,27,16,111.2,24,0.3,0.23,0.27,0.02,0.04
菠菜（赤根菜）,蔬菜,1,,91.2,28,2.6,0.3,4.5,1.7,0,243,0.04,0.11,0.6,32,1.74,66,47,311,85.2,58,2.9,0.85,0.97,0.1,0.66
菠菜（脱水）,蔬菜,0.2,,9.2,308,6.4,0.6,75.7,12.7,0,199,0.2,0.18,3.9,82,7.73,411,222,919,242,183,25.9,3.91,7.02,2.08,1.61
菜花（花椰菜）,蔬菜,1,,93.2,20,1.7,0.2,4.2,2.1,0,1,0.04,0.04,0.32,32,0,31,32,206,39.2,18,0.4,0.17,2.86,0.02,0.09
菜花（脱水）,蔬菜,0.2,,9.8,312,6.5,0.6,76.8,13.2,0,0,0.21,0.18,7.4,82,0,185,182,554,264.3,99,6.4,2.15,5.59,0.79,1.08
莼菜（瓶装，花案板）,蔬菜,1,,94.5,21,1.4,0.1,3.8,0.5,0,55,0,0.01,0.1,0,0.9,42,17,2,7.9,3,2.4,0.67,0.67,0.04,0.26
刺儿菜（蓟蓟菜）,蔬菜,1,,87,174,4.5,0.4,5.9,1.8,0,998,0.04,0.33,2.2,44,0.01,252,40,253,0.2,36,2.3,0.24,0,0.37,0.2
葱头（白皮，脱水）,蔬菜,0.2,,9.1,342,5.5,0.4,81.9,5.7,0,2,0.16,0.16,1,22,0,186,78,740,31.7,49,0.9,1.02,3.91,0.45,0.62
葱头（紫皮，脱水）,蔬菜,0.2,,9.1,339,6.9,0.4,80.6,7.5,0,2,0.2,0.14,1,5,0,351,162,912,77.4,132,6.2,1.13,1.83,0.55,0.78
大白菜（白梗）,蔬菜,1,白菜（脱水）_大白菜（白梗）_大白菜（青白口）_大白菜（小白口）_大白菜（代表值）_小白菜（青菜，白菜）_圆白菜（卷心菜）_奶白菜_娃娃菜_酸白菜（酸菜）,93.6,22,1.7,0.2,3.7,0.6,0,21,0.06,0.07,0.8,47,0.92,69,30,130,89.3,12,0.5,0.21,0.33,0.03,0.21
大白菜（代表值）,蔬菜,1,白菜（脱水）_大白菜（白梗）_大白菜（青白口）_大白菜（小白口）_大白菜（代表值）_小白菜（青菜，白菜）_圆白菜（卷心菜）_奶白菜_娃娃菜_酸白菜（酸菜）,94.4,20,1.6,0.2,3.4,0.9,0,7,0.05,0.04,0.65,37.5,0.36,57,33,134,68.9,12,0.8,0.46,0.57,0.06,0.19
大白菜（青白口）,蔬菜,1,白菜（脱水）_大白菜（白梗）_大白菜（青白口）_大白菜（小白口）_大白菜（代表值）_小白菜（青菜，白菜）_圆白菜（卷心菜）_奶白菜_娃娃菜_酸白菜（酸菜）,95.1,17,1.4,0.1,3,0.9,0,7,0.03,0.04,0.4,28,0.36,35,28,90,48.4,9,0.6,0.61,0.39,0.04,0.16
大白菜（小白口）,蔬菜,1,白菜（脱水）_大白菜（白梗）_大白菜（青白口）_大白菜（小白口）_大白菜（代表值）_小白菜（青菜，白菜）_圆白菜（卷心菜）_奶白菜_娃娃菜_酸白菜（酸菜）,95.2,16,1.3,0.1,2.8,0.9,0,3,0.02,0.03,0.5,19,0.21,45,35,137,34.8,11,0.9,0.31,0.75,0.07,0.17
冬瓜,蔬菜,1,,96.9,10,0.3,0.2,2.4,0,0,0,0,0,0.22,16,0.04,12,11,57,2.8,10,0.1,0.1,0.02,0.01,0.02
冬瓜、生的,蔬菜,1,,96.1,13,0.4,0.2,3,2.9,,,0.04,0.11,0.4,13,,19,19,6,111,10,0.4,0.61,0.2,0.02,0.06
冬寒菜（冬苋菜，冬葵）,蔬菜,1,,89.6,34,3.9,0.4,4.9,2.2,1.2,599,0.15,0.05,0.6,20,0,82,56,280,14,30,2.4,1.37,2.41,0.13,2.5
冬笋,蔬菜,1,竹笋_竹笋（春笋）_冬笋,88.1,42,4.1,0.1,6.5,0.8,0,7,0.08,0.08,0.6,1,0,22,56,0,0,0,0.1,0,0,0,0
豆角,蔬菜,1,扁豆（鲜，月亮菜）_豆角_豆角（白）,90,34,2.5,0.2,6.7,2.1,0,17,0.05,0.07,0.9,18,2.24,29,55,207,3.4,35,1.5,0.54,2.16,0.15,0.41
豆角（白）,蔬菜,1,扁豆（鲜，月亮菜）_豆角_豆角（白）,89.7,35,2.2,0.2,7.4,2.6,0,48,0.06,0.04,0.9,39,2.38,26,40,192,9.5,28,0.8,0.6,1.6,0.1,0.78
发菜（干）,蔬菜,0.2,,11.1,259,20.2,0.5,60.8,35,0,0,0.15,0.54,0.9,6,0.07,1048,76,217,100.7,129,85.2,1.68,5.23,0.93,3.29
番茄（西红柿，番柿）,蔬菜,0.2,,95.2,15,0.9,0.2,3.3,0.5,0,31,0.02,0.01,0.49,14,0.42,4,24,179,9.7,12,0.2,0.12,0.15,0.04,0.06
盖菜,蔬菜,1,,94.8,13,1.5,0.2,2.8,0,0,41,0.02,0.07,0.21,14,0.75,76,33,150,73.5,28,0.5,0.47,0.56,0.04,0.15
观达菜（根达菜，牛皮菜，恭菜）,蔬菜,1,,91.8,23,1.9,0.3,4.5,2.8,0,39,0.01,0.24,0,6.4,0.5,76,17,290,220,64,1.3,0.18,1.4,0.02,0.48
红菜薹,蔬菜,1,,91.1,29,2.9,2.5,2.7,0.9,0,7,0.05,0.04,0.9,57,0.51,26,60,221,1.5,15,2.5,0.9,8.43,0.12,0
红旦旦萝卜（樱桃萝卜、小水萝卜）,蔬菜,1,白萝卜（莱菔）_卞萝卜（红皮萝卜）_红心萝卜（心里美）_胡萝卜（红）_胡萝卜（黄）_青萝卜_水萝卜（脆萝卜）_小水萝卜（算盘子，红皮萝卜）_红旦旦萝卜（樱桃萝卜、小水萝卜）,94.4,19,0.8,0,4.3,0.8,0,0,0.01,0,0,4,1.11,9,43,63,20.1,11,2.9,0.32,1.45,0,0.05
红心萝卜（心里美）,蔬菜,1,白萝卜（莱菔）_卞萝卜（红皮萝卜）_红心萝卜（心里美）_胡萝卜（红）_胡萝卜（黄）_青萝卜_水萝卜（脆萝卜）_小水萝卜（算盘子，红皮萝卜）_红旦旦萝卜（樱桃萝卜、小水萝卜）,88,43.8,1.2,0,11.2,1.4,0,7,0.02,0.02,0.1,20,0,86,30,385,49.1,23,0.9,0.74,0.73,0.05,0.08
胡萝卜（红）,蔬菜,1,白萝卜（莱菔）_卞萝卜（红皮萝卜）_红心萝卜（心里美）_胡萝卜（红）_胡萝卜（黄）_青萝卜_水萝卜（脆萝卜）_小水萝卜（算盘子，红皮萝卜）_红旦旦萝卜（樱桃萝卜、小水萝卜）,89.2,41.2,1,0.2,9.9,1.1,0,344,0.04,0.03,0.6,13,0.41,32,27,190,71.4,14,1,0.23,0.63,0.08,0.24
胡萝卜（黄）,蔬菜,1,白萝卜（莱菔）_卞萝卜（红皮萝卜）_红心萝卜（心里美）_胡萝卜（红）_胡萝卜（黄）_青萝卜_水萝卜（脆萝卜）_小水萝卜（算盘子，红皮萝卜）_红旦旦萝卜（樱桃萝卜、小水萝卜）,87.4,48.6,1.4,0.2,11.5,1.3,0,344,0.04,0.04,0.2,16,0,32,16,193,25.1,7,0.5,0.14,2.8,0.03,0.07
胡萝卜（脱水）,蔬菜,0.2,,10.9,345.8,4.2,1.9,84.3,6.4,0,1438,0.12,0.15,2.6,32,0,458,118,1117,300.7,82,8.5,1.85,4.06,0.81,0.75
葫芦（长瓜，蒲瓜，瓠瓜）,蔬菜,1,,95.3,15.6,0.7,0.1,3.5,0.8,0,3,0.02,0.01,0.4,11,0,16,15,87,0.6,7,0.4,0.14,0.49,0.04,0.08
葫芦条（干）,蔬菜,1,,25.4,256,4.3,1.8,64.6,18.1,0,0,0.05,0.03,1.4,0,0,114,187,480,36.3,80,8,2.8,1.7,0.56,1.64
葫子（茄科）,蔬菜,1,,92.2,29,0.7,0.1,6.8,0.9,0,82,0.01,0.06,0.7,29,1.14,49,27,73,1.2,10,0,0.56,4.4,0.87,0
槐花,蔬菜,1,,78,344,3.1,0.7,17,2.2,0,67,0.04,0.18,6.6,30,0,83,69,0,0,0,3.6,0,0,0,0
黄豆芽,蔬菜,1,,88.8,47,4.5,1.6,4.5,1.5,0,3,0.04,0.07,0.6,8,0.8,21,74,160,7.2,21,0.9,0.54,0.96,0.14,0.34
黄瓜（胡瓜）,蔬菜,1,,95.8,16,0.8,0.2,2.9,0.5,0,8,0.02,0.03,0.2,9,0.49,24,24,102,4.9,15,0.5,0.18,0.38,0.05,0.06
黄瓜、去皮、生的,蔬菜,1,,96.73,12,0.59,0.16,2.16,0.7,,,0.03,0.03,0.04,3.2,,14,21,136,2,12,0.22,0.17,0.1,0.07,0.07
灰灰菜,蔬菜,1,,10.2,1322,18.3,1.5,56.2,0,0,0,0.08,0.3,0,7.7,6.09,210,36,282,16,67,9.8,0.35,0,0.15,0.85
茴香菜（小茴香）,蔬菜,1,,91.2,27,2.5,0.4,4.2,1.6,0,201,0.06,0.09,0.8,26,0.94,154,23,149,186.3,46,1.2,0.73,0.77,0.04,0.31
荠菜（蓟菜）,蔬菜,1,,90.6,31,2.9,0.4,4.7,1.7,0,216,0.04,0.15,0.6,43,1.01,294,81,280,31.6,37,5.4,0.68,0.51,0.29,0.65
碱蓬（猪毛菜）,蔬菜,1,,89,138,2.8,0.3,5.2,0.9,0,667,0.26,0.28,0.7,86,0,480,34,0,0,0,8.3,0,0,0,0
茭白（茭笋，茭粑）,蔬菜,1,,92.2,26,1.2,0.2,5.9,1.9,0,5,0.02,0.03,0.5,5,0.99,4,36,209,5.8,8,0.4,0.33,0.45,0.06,0.49
芥菜（鲜，雪里红、雪菜）,蔬菜,1,,91.5,27,2,0.4,4.7,1.6,0,26,0.03,0.11,0.5,31,0.74,230,47,281,30.5,24,3.2,0.7,0.7,0.08,0.42
芥菜（小叶芥菜）,蔬菜,1,,92.6,26,2.5,0.4,3.6,1,0,121,0.05,0.1,0.7,51,2.06,80,40,210,38.9,23,1.5,0.5,0.28,0.06,0.33
芥蓝（甘蓝菜）,蔬菜,1,,91,24,3.1,0.3,4.1,0,0,0,0.03,0.12,0.68,37,0,121,52,345,40.2,40,1,0.4,0.39,0.03,0.31
金针菇（鲜，智力菇）,蔬菜,1,,90.2,32,2.4,0.4,6,2.7,0,2.5,0.15,0.19,4.1,2,1.14,0,97,195,4.3,17,1.4,0.39,0.28,0.14,0.1
茎用芥菜（青菜头）,蔬菜,1,,95,13,1.3,0.2,2.8,2.8,0,23,0,0.02,0.3,7,1.29,23,35,316,41.1,5,0.7,0.25,0.95,0.05,0.1
韭菜,蔬菜,1,韭菜_韭芽（韭黄）_青蒜_蒜黄,92,25,2.4,0.4,4.5,0,0,133,0.04,0.05,0.86,2,0.57,44,45,241,5.8,24,0.7,0.25,1.33,0.05,0.21
韭菜、生的,蔬菜,1,,90.65,30,3.27,0.73,4.35,2.5,,,0.08,0.12,0.65,58.1,,92,58,296,3,42,1.6,0.56,0.9,0.16,0.37
韭芽（韭黄）,蔬菜,1,韭菜_韭芽（韭黄）_青蒜_蒜黄,93.2,24,2.3,0.2,3.9,1.2,0,22,0.03,0.05,0.7,15,0.34,25,48,192,6.9,12,1.7,0.33,0.76,0.1,0.17
菊苣绿，生的,蔬菜,1,,92,23,1.7,0.3,4.7,4,,,0.06,0.1,0.5,24,,100,47,420,45,30,0.9,0.42,0.3,0.3,0.43
卷心菜、泡菜,蔬菜,1,,94.3,15,1.1,0.5,2.4,1.6,,,0.01,0.21,1.1,0,,33,24,151,498,14,2.5,0.22,0.5,0.02,
卷心菜、生的,蔬菜,1,,92.18,25,1.28,0.1,5.8,2.5,,,0.06,0.04,0.23,36.6,,40,26,170,18,12,0.47,0.18,0.3,0.02,0.16
蕨菜（脱水）,蔬菜,1,,7.2,1265,6.6,0.9,79.7,25.5,0,0,0,0.16,2.7,3,0.53,851,253,59,20.4,82,23.7,18.11,6.34,2.79,2.31
苦瓜（凉瓜，赖瓜）,蔬菜,1,,93.4,21.8,1,0.1,4.9,1.4,0,8,0.03,0.03,0.4,56,0.85,14,35,256,2.5,18,0.7,0.36,0.36,0.06,0.16
苦瓜，叶尖，生,蔬菜,1,,89.25,30,5.3,0.69,3.29,,,,0.18,0.36,1.11,88,,84,99,608,11,85,2.04,0.3,0.9,0.2,0.54
苦瓜、豆荚、生的,蔬菜,1,,94.03,17,1,0.17,3.7,2.8,,,0.04,0.04,0.4,84,,19,31,296,5,17,0.43,0.8,0.2,0.03,0.09
苦苦菜,蔬菜,1,,88.2,174,2.5,0.9,6.8,1.8,0,357,0,0,0,62,0,0,0,0,0,0,0,0,0,0,0
菱角,蔬菜,1,,73,101,4.5,0.1,21.4,1.7,0,1,0.19,0.06,1.5,13,0,7,93,437,5.8,49,0.6,0.62,0,0.18,0.38
芦笋（绿，石叼柏，龙须菜）,蔬菜,1,,93.3,19,2.6,0.1,3.3,0,0,2,0.07,0.08,1.12,7,0.19,9,51,304,12.4,18,1.4,0.55,0.62,0.1,0.12
芦笋、生的,蔬菜,1,,93.22,20,2.2,0.12,3.88,2.1,,,0.14,0.14,0.98,5.6,,24,52,202,2,14,2.14,0.54,2.3,0.19,0.16
萝卜、东方萝卜、生的,蔬菜,1,,94.62,18,0.6,0.1,4.1,1.6,,,0.02,0.02,0.2,22,,27,23,227,21,16,0.4,0.15,0.7,0.12,0.04
萝卜缨（白）,蔬菜,1,,90.7,17,2.6,0.3,1.7,1.4,0,0,0.02,0,0,77,0,0,0,0,0,0,0,0,0,0,0
萝卜缨（小，红）,蔬菜,1,,92.8,23,1.6,0.3,4.1,1.4,0,59,0.03,0.13,0.4,51,0.87,238,32,101,43.1,13,0.2,0.29,0.82,0.04,0.45
马齿苋,蔬菜,1,,92,117,2.3,0.5,3.9,0.7,0,372,0.03,0.11,0.7,23,0,85,56,0,0,0,1.5,0,0,0,0
马兰头（马兰鸡儿肠）,蔬菜,1,,91.4,28.2,2.4,0.4,4.6,1.6,0,340,0.06,0.13,0.8,26,0.72,67,38,285,15.2,14,2.4,0.87,0.75,0.13,0.44
奶白菜,蔬菜,1,白菜（脱水）_大白菜（白梗）_大白菜（青白口）_大白菜（小白口）_大白菜（代表值）_小白菜（青菜，白菜）_圆白菜（卷心菜）_奶白菜_娃娃菜_酸白菜（酸菜）,92.6,21,2.7,0.2,3.3,1.5,0,95,0.02,0.1,0.59,37.4,0.16,66,55,126,170.2,41,1,0.28,0.43,0.05,0.24
奶柿子西红柿,蔬菜,1,,95.6,14,0.6,0.1,3.2,0.8,0,44,0.05,0.02,1,8,1.31,15,21,163,8.3,9,0.4,0.14,0.12,0.45,0.06
牛蒡叶,蔬菜,1,,87,174,4.7,0.8,5.1,2.4,0,650,0.02,0.29,1.1,25,0,242,61,0,0,0,7.6,0,0,0,0
苤蓝（玉蔓菁）,蔬菜,1,,90.8,32,1.3,0.2,7,1.3,0,1.5,0.04,0.02,0.5,41,0.13,25,46,190,29.8,24,0.3,0.17,0.16,0.02,0.11
蒲公英叶（孛孛丁叶）,蔬菜,1,,84,221,4.8,1.1,7,2.1,0,1225,0.03,0.39,1.9,47,0.02,216,93,327,76,54,4,0.35,0,0.44,0.58
荞菜（野荞）,蔬菜,1,,95.6,54,0.7,0.2,2.7,1.2,0,48,0.02,0.02,1.8,5,0.27,89,26,262,109.4,9,1.1,0.42,1.5,0.05,0.19
茄子（白皮，长）,蔬菜,1,,92.5,21,1.3,0.1,5.5,0,0,1,0.05,0.03,0.44,0,0,10,30,238,1.9,16,0.5,0.2,0.16,0.05,0.12
茄子（代表值）,蔬菜,1,,93.4,23,1.1,0.2,4.9,1.3,0,4,0.02,0.04,0.6,5,1.13,24,23,142,5.4,13,0.5,0.23,0.48,0.1,0.13
茄子（绿皮）,蔬菜,1,,92.8,28,1,0.6,5.2,1.2,0,10,0.02,0.2,0.6,7,0.55,12,26,162,6.8,13,0.1,0.24,0.64,0.05,0.07
茄子（紫皮，长）,蔬菜,1,,93.4,18,1.1,0.1,4.8,0,0,0,0.03,0.03,0,0,0,50,21,147,5,11,0.5,0.2,0.09,0.04,0.09
芹菜（白茎，旱芹，药芹）,蔬菜,1,芹菜（白茎，旱芹，药芹）_芹菜（茎）_芹菜（叶）,95.4,13,0.4,0.2,3.1,1,0,2,0.01,0.02,0.22,2,0,15,13,128,166.4,16,0.2,0.14,0.07,0.03,0.04
芹菜（茎）,蔬菜,1,芹菜（白茎，旱芹，药芹）_芹菜（茎）_芹菜（叶）,93.1,22.4,1.2,0.2,4.5,1.2,0,28,0.02,0.06,0.4,8,1.32,80,38,206,159,18,1.2,0.24,9.57,0.09,0.16
芹菜（叶）,蔬菜,1,芹菜（白茎，旱芹，药芹）_芹菜（茎）_芹菜（叶）,89.4,35.4,2.6,0.6,5.9,2.2,0,244,0.08,0.15,0.9,22,2.5,40,64,137,83,58,0.6,1.14,2,0.99,0.54
芹菜、生的,蔬菜,1,,95.43,16,0.69,0.17,2.97,1.6,,,0.02,0.06,0.32,3.1,,40,24,260,80,11,0.2,0.13,0.4,0.04,0.1
青椒（灯笼椒，柿子椒，大椒）,蔬菜,1,,94.6,18,1,0.2,3.8,1.5,0,76,0.02,0.02,0.39,130,0.41,14,20,142,3.3,12,0.8,0.19,0.38,0.09,0.12
青萝卜,蔬菜,1,白萝卜（莱菔）_卞萝卜（红皮萝卜）_红心萝卜（心里美）_胡萝卜（红）_胡萝卜（黄）_青萝卜_水萝卜（脆萝卜）_小水萝卜（算盘子，红皮萝卜）_红旦旦萝卜（樱桃萝卜、小水萝卜）,91,29,1.2,0.2,6.9,0,0,7,0.01,0.02,0.62,7,0,47,31,248,56,15,0.3,0.16,0.1,0.02,0.06
青蒜,蔬菜,1,韭菜_韭芽（韭黄）_青蒜_蒜黄,90.4,34,2.4,0.3,6.2,1.7,0,49,0.06,0.04,0.6,16,0.8,24,25,168,9.3,17,0.8,0.23,1.27,0.05,0.15
秋黄瓜（旱黄瓜）,蔬菜,1,,96,14,0.9,0.2,2.5,0,0,3,0.02,0.01,0,0,0,9,23,141,2.2,9,0.2,0.17,0.1,0.03,0.07
三七尖,蔬菜,1,,92.6,21,2.3,0.2,4,0,0,14,0,0.08,0,0,0.15,57,21,631,12.4,169,0.1,2.26,5.99,1.19,6.66
山药、生的,蔬菜,1,,69.6,118,1.53,0.17,27.88,4.1,,,0.11,0.03,0.55,17.1,,17,55,816,9,21,0.54,0.24,0.7,0.18,0.4
什锦菜,蔬菜,1,,78.9,37.2,2.9,0.5,6.2,1.6,0,0,0.03,0.02,0,0,0.18,21,62,399,4092.7,23,4.5,0.74,0,0.05,0.63
生菜（叶用莴苣）,蔬菜,1,,96.7,12,1.6,0.4,1.1,0.7,0,2,0.02,0.01,0.4,13,1.02,14,12,91,16.1,7,0.2,0.12,0.04,0.01,0.06
生菜花,蔬菜,1,,92.07,25,1.92,0.28,4.97,2,,,0.05,0.06,0.51,48.2,,22,44,299,30,15,0.42,0.27,0.6,0.04,0.16
莳萝草,蔬菜,1,,85.95,43,3.46,1.12,7.02,2.1,,,0.06,0.3,1.57,85,,208,66,738,61,55,6.59,0.91,,0.15,1.26
水萝卜（脆萝卜）,蔬菜,1,白萝卜（莱菔）_卞萝卜（红皮萝卜）_红心萝卜（心里美）_胡萝卜（红）_胡萝卜（黄）_青萝卜_水萝卜（脆萝卜）_小水萝卜（算盘子，红皮萝卜）_红旦旦萝卜（樱桃萝卜、小水萝卜）,92.9,24.8,0.8,0,6.9,1.4,0,21,0.03,0.05,0,45,0,0,0,0,9.7,0,0,0.49,0,0.01,0.05
水芹、菜园、生的,蔬菜,1,,89.4,32,2.6,0.7,5.5,1.1,,,0.08,0.26,1,69,,81,76,606,14,38,1.3,0.23,0.9,0.17,0.55
酸白菜（酸菜）,蔬菜,1,白菜（脱水）_大白菜（白梗）_大白菜（青白口）_大白菜（小白口）_大白菜（代表值）_小白菜（青菜，白菜）_圆白菜（卷心菜）_奶白菜_娃娃菜_酸白菜（酸菜）,94.9,10,0.7,0.2,2.6,0.5,0,5,0.01,0.01,0.6,2,0.86,48,38,104,43.1,21,0.3,0.03,0.16,0.04,0.01
蒜黄,蔬菜,1,韭菜_韭芽（韭黄）_青蒜_蒜黄,93,23.8,2.5,0.2,3.8,1.4,0,23,0.05,0.07,0.6,18,0.53,24,58,168,7.8,16,1.3,0.33,0.79,0.09,0.25
笋瓜（生瓜）,蔬菜,1,,96.1,13.4,0.5,0,3.1,0.7,0,8,0.04,0.02,0,5,0.29,14,27,96,0,7,0.6,0.09,0,0.03,0.05
苔菜（苔条，条浒苔）,蔬菜,1,,23.7,167,19,0.4,26.3,9.1,0,0,0.35,0.4,4,0,0,185,302,410,4955,1257,283.7,3.56,5.59,1.11,0
汤菜,蔬菜,1,,93.2,23.6,1.8,0.5,3.4,0.8,0,68,0,0.68,0.6,57,1.55,131,27,239,28,36,5.8,0.12,0,0.13,0
甜菜根（甜菜头，甜萝卜）,蔬菜,1,,74.8,87,1,0.1,23.5,5.9,0,0,0.05,0.04,0.2,8,1.85,56,18,254,20.8,38,0.9,0.31,0.29,0.15,0.86
甜椒（脱水）,蔬菜,1,,10.5,323.6,7.6,0.4,76.6,8.3,0,1409,0.23,0.18,4,846,6.05,130,106,1443,26,145,7.4,1.65,3.01,1.17,0.84
茼蒿（蓬蒿菜，艾菜）,蔬菜,1,,93,24,1.9,0.3,3.9,1.2,0,126,0.04,0.09,0.6,18,0.92,73,36,220,161.3,20,2.5,0.35,0.6,0.06,0.28
脱水胡萝卜,蔬菜,1,,4,341,8.1,1.49,79.57,23.6,,,0.53,0.42,6.57,14.6,,212,346,2540,275,118,3.93,1.57,8.6,0.37,1.12
娃娃菜,蔬菜,1,白菜（脱水）_大白菜（白梗）_大白菜（青白口）_大白菜（小白口）_大白菜（代表值）_小白菜（青菜，白菜）_圆白菜（卷心菜）_奶白菜_娃娃菜_酸白菜（酸菜）,95,13,1.9,0.2,2.4,0,0,4,0.04,0.03,0.61,12,0,78,58,278,19.3,17,0.4,0.35,0.16,0.03,0.13
蕹菜（空心菜）,蔬菜,1,,92.3,19,2.2,0.2,4,0,0,143,0.03,0.05,0.22,5,0.1,115,37,304,107.6,46,1,0.27,0,0.05,0.52
莴苣笋（莴苣）,蔬菜,1,,95.5,15.2,1,0.1,2.8,0.6,0,12.5,0.02,0.02,0.5,4,0.19,23,48,212,36.5,19,0.9,0.33,0.54,0.07,0.19
莴苣叶（莴笋叶）,蔬菜,1,,95,15,1,0.2,2.9,0,0,2,0.03,0,0,0,0,9,37,305,35.6,19,0.2,0.19,0.21,0.05,0.03
乌菜（塌菜，塌棵菜）,蔬菜,1,,91.8,27.8,2.6,0.4,4.2,1.4,0,84,0.06,0.11,1.1,45,1.16,186,53,154,115.5,24,3,0.7,0.5,0.13,0.36
西瓜干,蔬菜,1,,5.05,557,28.33,47.37,15.31,,,,0.19,0.15,3.55,0,,54,755,648,99,515,7.28,10.24,,0.69,1.61
西红柿、黄色、生的,蔬菜,1,,95.28,15,0.98,0.26,2.98,0.7,,,0.04,0.05,1.18,9,,11,36,258,23,12,0.49,0.28,0.4,0.1,0.12
西葫芦,蔬菜,1,,94.9,19.2,0.8,0.2,3.8,0.6,0,3,0.01,0.03,0.2,6,0.34,15,17,92,5,9,0.3,0.12,0.28,0.03,0.04
西兰花（绿菜花）,蔬菜,1,,91.6,27,3.5,0.6,3.7,1.6,0,13,0.06,0.08,0.73,56,0.76,50,61,179,46.7,22,0.9,0.46,0.43,0.03,0.16
西兰花、花簇、生的,蔬菜,1,,90.69,28,2.98,0.35,5.06,2.3,,,0.07,0.12,0.64,93.2,,48,66,325,27,25,0.88,0.4,3,0.05,0.23
西兰花、茎、生的,蔬菜,1,,90.69,28,2.98,0.35,5.24,,,,0.07,0.12,0.64,93.2,,48,66,325,27,25,0.88,0.4,3,0.05,0.23
西兰花、生的,蔬菜,1,,89.3,34,2.82,0.37,6.64,2.6,,,0.07,0.12,0.64,89.2,,47,66,316,33,21,0.73,0.41,2.5,0.05,0.21
西兰花、叶子、生的,蔬菜,1,,90.69,28,2.98,0.35,5.06,2.3,,,0.07,0.12,0.64,93.2,,48,66,325,27,25,0.88,0.4,3,0.05,0.23
西芹,蔬菜,1,,93.6,17,0.6,0.1,4.8,2.2,0,2,0.01,0.03,0.22,4,0,36,35,15,313.3,15,0.2,0.1,0.1,0.02,0.06
苋菜（绿）,蔬菜,1,,90.2,30,2.8,0.3,5,2.2,0,176,0.03,0.12,0.8,47,0.36,187,59,207,32.4,119,5.4,0.8,0.52,0.13,0.78
苋菜（紫，红苋）,蔬菜,1,,88.8,34.6,2.8,0.4,5.9,1.8,0,124,0.03,0.1,0.6,30,1.54,178,63,340,42.3,38,2.9,0.7,0.09,0.07,0.35
香菜（脱水）,蔬菜,0.2,,9.3,310,7.4,1.3,71.2,8.2,0,236,0.17,0.28,6,75,22.15,1723,151,1031,1217.5,269,22.3,1.71,14.15,1.65,2.46
香菜（芫荽，香荽）,蔬菜,1,,90.5,33.4,1.8,0.4,6.2,1.2,0,96.5,0.04,0.14,2.2,48,0.8,101,49,272,48.5,33,2.9,0.45,0.53,0.21,0.28
小白菜（青菜，白菜）,蔬菜,1,白菜（脱水）_大白菜（白梗）_大白菜（青白口）_大白菜（小白口）_大白菜（代表值）_小白菜（青菜，白菜）_圆白菜（卷心菜）_奶白菜_娃娃菜_酸白菜（酸菜）,94.8,14,1.4,0.3,2.4,0,0,154,0.01,0.05,0,64,0.4,117,26,116,132.2,30,1.3,0.23,0.39,0.02,0.15
小水萝卜（算盘子，红皮萝卜）,蔬菜,1,白萝卜（莱菔）_卞萝卜（红皮萝卜）_红心萝卜（心里美）_胡萝卜（红）_胡萝卜（黄）_青萝卜_水萝卜（脆萝卜）_小水萝卜（算盘子，红皮萝卜）_红旦旦萝卜（樱桃萝卜、小水萝卜）,93.9,23,1.1,0.2,5.2,1,0,2,0.02,0.04,0.4,22,0.78,32,21,286,33.5,17,0.4,0.21,0.65,0.03,0.09
樱桃番茄,蔬菜,1,,92.5,25,1,0.2,5.8,0,0,28,0.02,0.01,0.92,33,0.98,6,26,262,10,12,0.3,0.2,0.2,0.04,0.06
樱桃萝卜缨,蔬菜,1,,94,14,2,0.1,2.7,2.3,0,120,0.04,0.09,0.26,14,1.4,56,50,126,111.3,45,3.9,0.4,0.58,0.03,0.51
油菜,蔬菜,1,油菜_油菜（黑）_油菜苔,95.6,14,1.3,0.5,2,1.1,0,90,0.02,0.05,0.55,36,0.88,148,23,175,73.7,25,0.9,0.31,0.73,0.03,0.23
油菜（黑）,蔬菜,1,油菜_油菜（黑）_油菜苔,94.1,19,1.8,0.2,2.9,0.9,0,122,0.01,0.1,0,24,0.94,191,34,143,98.8,34,5.9,1.27,0,0,1.09
油菜（脱水）,蔬菜,1,,9,316.2,7.6,0.6,74.3,8.6,0,288,0.33,0.19,10.5,124,7.73,596,182,635,405.3,105,19.3,4.78,13.14,3.06,1.28
油菜苔,蔬菜,1,油菜_油菜（黑）_油菜苔,92.4,24,3.2,0.4,3,2,0,45,0.08,0.07,0.8,65,0.89,156,51,192,83.2,27,2.8,9.72,0.82,0.18,0.45
油菜心,蔬菜,1,,95.1,15,1.3,0.4,2.7,0,0,0,0.02,0.06,0.41,0,0.16,74,26,166,33.4,25,0.6,0.19,0.26,0.04,0.07
玉米（鲜）,蔬菜,1,,71.3,112,4,1.2,22.8,2.9,0,0,0.16,0.11,1.8,16,0.46,0,117,238,1.1,32,1.1,0.9,1.63,0.09,0.22
圆白菜（卷心菜）,蔬菜,1,白菜（脱水）_大白菜（白梗）_大白菜（青白口）_大白菜（小白口）_大白菜（代表值）_小白菜（青菜，白菜）_圆白菜（卷心菜）_奶白菜_娃娃菜_酸白菜（酸菜）,93.2,24,1.5,0.2,4.6,1,0,6,0.03,0.03,0.4,40,0.5,49,26,124,27.2,12,0.6,0.25,0.96,0.04,0.18
榨菜,蔬菜,1,,75,33.2,2.2,0.3,6.5,2.1,0,41.5,0.03,0.06,0.5,2,0,155,41,363,4252.6,54,3.9,0.63,1.93,0.14,0.35
竹荪（干）,蔬菜,0.2,,13.9,248,17.8,3.1,60.3,46.4,0,0,0.03,1.75,9.1,0,0,18,289,11882,50,114,17.8,2.2,41.7,2.51,8.47
竹笋,蔬菜,1,竹笋_竹笋（春笋）_冬笋,92.8,22.6,2.6,0.2,3.6,1.8,0,0,0.08,0.08,0.6,5,0.05,9,64,389,0.4,1,0.5,0.33,0.04,0.09,1.14
竹笋（白笋，干）,蔬菜,0.2,,10,282.4,26,4,57.1,43.2,0,1,0,0.32,0.2,0,0,31,222,1754,0.7,22,4.2,3.3,2.34,1.94,2.2
竹笋（鞭笋，马鞭笋）,蔬菜,1,,90.1,24.2,2.6,0,6.7,6.6,0,0,0.05,0.09,0.5,7,0,17,49,379,4.6,13,2.5,0.64,0.44,0.08,0.69
竹笋（春笋）,蔬菜,1,竹笋_竹笋（春笋）_冬笋,91.4,25,2.4,0.1,5.1,2.8,0,2.5,0.05,0.04,0.4,5,0,8,36,300,6,8,2.4,0.43,0.66,0.15,0.78
竹笋（黑笋，干）,蔬菜,0.2,,14.4,268,17.6,2.4,57.5,27.2,0,0,0,0.41,1.9,0,0,30,426,115,6.2,82,18.9,7.6,4.2,1.3,5.43
竹笋（毛笋，毛竹笋）,蔬菜,1,,93.1,23,2.2,0.2,3.8,1.3,0,0,0.04,0.05,0.3,9,0.15,16,34,318,5.2,8,0.9,0.47,0.38,0.07,0.35
大葱,蔬菜,1,葱头（洋葱）,91.8,28,1.6,0.3,5.8,1.3,0,5,0.06,0.03,0.5,3,0,63,25,110,8.9,16,0.6,0.29,0.21,0.03,0.34
葱头（洋葱）,蔬菜,1,大葱,89.2,40,1.1,0.2,9,0.9,0,2,0.03,0.03,0.3,8,0.14,24,39,147,4.4,15,0.6,0.23,0.92,0.05,0.14
羊肉（肥，瘦）,羊肉,1,羊肉（后腿）_羊肉（前腿）_羊肉（肥，瘦）_羊肉（胸脯，腰窝）_羊肉（里脊）_羊肉（瘦）,66.9,198,19,14.1,0,0,92,11,0.05,0.14,4.5,0,0.26,6,146,232,80.6,20,2.3,3.22,32.2,0.75,0.02
羊肉（后腿）,羊肉,1,羊肉（后腿）_羊肉（前腿）_羊肉（肥，瘦）_羊肉（胸脯，腰窝）_羊肉（里脊）_羊肉（瘦）,78.8,102,15.5,4,0.9,0,60,4,0.06,0.22,4.8,0,0.37,11,182,143,90.6,20,1.7,2.18,4.49,0.16,0.08
羊肉（里脊）,羊肉,1,羊肉（后腿）_羊肉（前腿）_羊肉（肥，瘦）_羊肉（胸脯，腰窝）_羊肉（里脊）_羊肉（瘦）,78.1,94,17.1,2,2,0,60,3,0.05,0.29,5.2,0,0.53,14,184,161,92.1,22,1.7,1.98,5.53,0.15,0.05
羊肉（前腿）,羊肉,1,羊肉（后腿）_羊肉（前腿）_羊肉（肥，瘦）_羊肉（胸脯，腰窝）_羊肉（里脊）_羊肉（瘦）,78.3,111,19.7,3.6,0,0,60,5.5,0.06,0.24,4.8,0,0.49,12,181,108,92,18,1.5,2.21,5.38,0.15,0.06
羊肉（瘦）,羊肉,1,羊肉（后腿）_羊肉（前腿）_羊肉（肥，瘦）_羊肉（胸脯，腰窝）_羊肉（里脊）_羊肉（瘦）,74.2,118,20.5,3.9,0.2,0,60,5.5,0.15,0.16,5.2,0,0.31,9,196,403,69.4,22,3.9,6.06,7.18,0.12,0.03
羊肉（胸脯，腰窝）,羊肉,1,羊肉（后腿）_羊肉（前腿）_羊肉（肥，瘦）_羊肉（胸脯，腰窝）_羊肉（里脊）_羊肉（瘦）,77.6,109,17.2,4.5,0,0,60,8,0.04,0.22,4,0,0.43,12,150,170,81.9,17,2.3,2.2,6.74,0.14,0.09
猪肉（脖子，猪脖）,猪肉,1,猪肉（脖子，猪脖）_猪肉（肥）_猪肉（肥，瘦）_猪肉（后蹄膀，后肘）_猪肉（后臀尖）_猪肉（脊背，里脊）_猪肉（肋条肉）_猪肉（奶面，硬五花，猪排骨肉）_猪肉（奶脯，软五花）_猪肉（前蹄膀，前肘）_猪肉（清蒸）_猪肉（瘦）_猪肉（腿）,35.8,576,8,60.5,0,0,94,9,0.21,0.07,1.7,0,0.61,4,77,99,54,7,1.2,0.59,2.21,0.14,0
猪肉（肥）,猪肉,0.2,猪肉（脖子，猪脖）_猪肉（肥）_猪肉（肥，瘦）_猪肉（后蹄膀，后肘）_猪肉（后臀尖）_猪肉（脊背，里脊）_猪肉（肋条肉）_猪肉（奶面，硬五花，猪排骨肉）_猪肉（奶脯，软五花）_猪肉（前蹄膀，前肘）_猪肉（清蒸）_猪肉（瘦）_猪肉（腿）,8.8,816,2.4,90.4,0,0,109,14.5,0.08,0.05,0.9,0,0.24,3,18,23,19.5,2,1,0.69,7.78,0.05,0.03
猪肉（肥，瘦）,猪肉,1,猪肉（脖子，猪脖）_猪肉（肥）_猪肉（肥，瘦）_猪肉（后蹄膀，后肘）_猪肉（后臀尖）_猪肉（脊背，里脊）_猪肉（肋条肉）_猪肉（奶面，硬五花，猪排骨肉）_猪肉（奶脯，软五花）_猪肉（前蹄膀，前肘）_猪肉（清蒸）_猪肉（瘦）_猪肉（腿）,46.8,395,13.2,37,2.4,0,80,0,0.22,0.16,3.5,0,0.49,6,162,204,59.4,16,1.6,2.06,11.97,0.06,0.03
猪肉（后蹄膀，后肘）,猪肉,1,猪肉（脖子，猪脖）_猪肉（肥）_猪肉（肥，瘦）_猪肉（后蹄膀，后肘）_猪肉（后臀尖）_猪肉（脊背，里脊）_猪肉（肋条肉）_猪肉（奶面，硬五花，猪排骨肉）_猪肉（奶脯，软五花）_猪肉（前蹄膀，前肘）_猪肉（清蒸）_猪肉（瘦）_猪肉（腿）,57.6,320,17,28,0,0,79,4,0.37,0.18,2.6,0,0.48,6,142,188,76.8,12,1,1.77,6.87,0.19,0.01
猪肉（后臀尖）,猪肉,1,猪肉（脖子，猪脖）_猪肉（肥）_猪肉（肥，瘦）_猪肉（后蹄膀，后肘）_猪肉（后臀尖）_猪肉（脊背，里脊）_猪肉（肋条肉）_猪肉（奶面，硬五花，猪排骨肉）_猪肉（奶脯，软五花）_猪肉（前蹄膀，前肘）_猪肉（清蒸）_猪肉（瘦）_猪肉（腿）,55.1,331,14.6,30.8,0,0,0,8,0.26,0.11,2.8,0,0.95,5,130,178,57.5,12,1,0.84,2.94,0.13,0
猪肉（脊背，里脊）,猪肉,1,猪肉（脖子，猪脖）_猪肉（肥）_猪肉（肥，瘦）_猪肉（后蹄膀，后肘）_猪肉（后臀尖）_猪肉（脊背，里脊）_猪肉（肋条肉）_猪肉（奶面，硬五花，猪排骨肉）_猪肉（奶脯，软五花）_猪肉（前蹄膀，前肘）_猪肉（清蒸）_猪肉（瘦）_猪肉（腿）,70.3,155,20.2,7.9,0.7,0,81,2.5,0.47,0.12,5.2,0,0.59,6,184,317,43.2,28,1.5,2.3,5.25,0.16,0.03
猪肉（肋条肉）,猪肉,1,猪肉（脖子，猪脖）_猪肉（肥）_猪肉（肥，瘦）_猪肉（后蹄膀，后肘）_猪肉（后臀尖）_猪肉（脊背，里脊）_猪肉（肋条肉）_猪肉（奶面，硬五花，猪排骨肉）_猪肉（奶脯，软五花）_猪肉（前蹄膀，前肘）_猪肉（清蒸）_猪肉（瘦）_猪肉（腿）,34,568,9.3,59,0,0,98,5,0.09,0.04,2.4,0,0.05,6,67,53,36.7,5,0.8,0.73,2.22,0.13,0.02
猪肉（奶面，硬五花，猪排骨肉）,猪肉,1,猪肉（脖子，猪脖）_猪肉（肥）_猪肉（肥，瘦）_猪肉（后蹄膀，后肘）_猪肉（后臀尖）_猪肉（脊背，里脊）_猪肉（肋条肉）_猪肉（奶面，硬五花，猪排骨肉）_猪肉（奶脯，软五花）_猪肉（前蹄膀，前肘）_猪肉（清蒸）_猪肉（瘦）_猪肉（腿）,53,339,13.6,30.6,2.2,0,79,5,0.36,0.15,3.1,0,0.2,6,120,168,52,15,1.3,2.2,6.05,0.12,0.01
猪肉（奶脯，软五花）,猪肉,1,猪肉（脖子，猪脖）_猪肉（肥）_猪肉（肥，瘦）_猪肉（后蹄膀，后肘）_猪肉（后臀尖）_猪肉（脊背，里脊）_猪肉（肋条肉）_猪肉（奶面，硬五花，猪排骨肉）_猪肉（奶脯，软五花）_猪肉（前蹄膀，前肘）_猪肉（清蒸）_猪肉（瘦）_猪肉（腿）,56.8,349,7.7,35.3,0,0,98,19.5,0.14,0.06,2,0,0.49,5,67,53,36.7,5,0.8,0.73,2.22,0.13,0
猪肉（前蹄膀，前肘）,猪肉,1,猪肉（脖子，猪脖）_猪肉（肥）_猪肉（肥，瘦）_猪肉（后蹄膀，后肘）_猪肉（后臀尖）_猪肉（脊背，里脊）_猪肉（肋条肉）_猪肉（奶面，硬五花，猪排骨肉）_猪肉（奶脯，软五花）_猪肉（前蹄膀，前肘）_猪肉（清蒸）_猪肉（瘦）_猪肉（腿）,54.3,338,15.1,31.5,0,0,79,6.5,0.23,0.14,2,0,0.71,5,181,137,66.1,16,1.2,2.07,32.48,0.22,0
猪肉（清蒸）,猪肉,0.2,猪肉（脖子，猪脖）_猪肉（肥）_猪肉（肥，瘦）_猪肉（后蹄膀，后肘）_猪肉（后臀尖）_猪肉（脊背，里脊）_猪肉（肋条肉）_猪肉（奶面，硬五花，猪排骨肉）_猪肉（奶脯，软五花）_猪肉（前蹄膀，前肘）_猪肉（清蒸）_猪肉（瘦）_猪肉（腿）,71.4,118,18.4,13.8,0,0,62,0,0.09,0.07,2.8,0,0,4,113,134,210.6,9,3.4,3.18,10.55,0.15,0
猪肉（瘦）,猪肉,1,猪肉（脖子，猪脖）_猪肉（肥）_猪肉（肥，瘦）_猪肉（后蹄膀，后肘）_猪肉（后臀尖）_猪肉（脊背，里脊）_猪肉（肋条肉）_猪肉（奶面，硬五花，猪排骨肉）_猪肉（奶脯，软五花）_猪肉（前蹄膀，前肘）_猪肉（清蒸）_猪肉（瘦）_猪肉（腿）,71,143,20.3,6.2,1.5,0,81,22,0.54,0.1,5.3,0,0.34,6,189,305,57.5,25,3,2.99,9.5,0.14,0.03
猪肉（腿）,猪肉,1,猪肉（脖子，猪脖）_猪肉（肥）_猪肉（肥，瘦）_猪肉（后蹄膀，后肘）_猪肉（后臀尖）_猪肉（脊背，里脊）_猪肉（肋条肉）_猪肉（奶面，硬五花，猪排骨肉）_猪肉（奶脯，软五花）_猪肉（前蹄膀，前肘）_猪肉（清蒸）_猪肉（瘦）_猪肉（腿）,67.6,190,17.9,12.8,0.8,0,79,1.5,0.53,0.24,4.9,0,0.3,6,189,305,63,25,0.9,2.99,9.5,0.11,0.03
